columna	coverage	entropy
0	0.00005	0.00000
1	0.00005	0.00000
2	0.00005	0.00000
3	0.00005	0.00000
4	0.00005	0.00000
5	0.00005	0.00000
6	0.00005	0.00000
7	0.00005	0.00000
8	0.00005	0.00000
9	0.00005	0.00000
10	0.00005	0.00000
11	0.00005	0.00000
12	0.00005	0.00000
13	0.00005	0.00000
14	0.00005	0.00000
15	0.00005	0.00000
16	0.00005	0.00000
17	0.00005	0.00000
18	0.00005	0.00000
19	0.00005	0.00000
20	0.00005	0.00000
21	0.00005	0.00000
22	0.00005	0.00000
23	0.00005	0.00000
24	0.00005	0.00000
25	0.00005	0.00000
26	0.00005	0.00000
27	0.00005	0.00000
28	0.00005	0.00000
29	0.00005	0.00000
30	0.00005	0.00000
31	0.00005	0.00000
32	0.00005	0.00000
33	0.00005	0.00000
34	0.00005	0.00000
35	0.00005	0.00000
36	0.00005	0.00000
37	0.00005	0.00000
38	0.00005	0.00000
39	0.00005	0.00000
40	0.00005	0.00000
41	0.00005	0.00000
42	0.00005	0.00000
43	0.00005	0.00000
44	0.00005	0.00000
45	0.00005	0.00000
46	0.00005	0.00000
47	0.00005	0.00000
48	0.00005	0.00000
49	0.00005	0.00000
50	0.00005	0.00000
51	0.00005	0.00000
52	0.00005	0.00000
53	0.00005	0.00000
54	0.00005	0.00000
55	0.00005	0.00000
56	0.00005	0.00000
57	0.00005	0.00000
58	0.00005	0.00000
59	0.00005	0.00000
60	0.00005	0.00000
61	0.00005	0.00000
62	0.00005	0.00000
63	0.00005	0.00000
64	0.00005	0.00000
65	0.00005	0.00000
66	0.00005	0.00000
67	0.00005	0.00000
68	0.00005	0.00000
69	0.00005	0.00000
70	0.00005	0.00000
71	0.00005	0.00000
72	0.00005	0.00000
73	0.00005	0.00000
74	0.00005	0.00000
75	0.00005	0.00000
76	0.00005	0.00000
77	0.00005	0.00000
78	0.00005	0.00000
79	0.00005	0.00000
80	0.00005	0.00000
81	0.00005	0.00000
82	0.00005	0.00000
83	0.00005	0.00000
84	0.00005	0.00000
85	0.00005	0.00000
86	0.00005	0.00000
87	0.00005	0.00000
88	0.00005	0.00000
89	0.00005	0.00000
90	0.00005	0.00000
91	0.00005	0.00000
92	0.00005	0.00000
93	0.00005	0.00000
94	0.00005	0.00000
95	0.00005	0.00000
96	0.00005	0.00000
97	0.00005	0.00000
98	0.00005	0.00000
99	0.00005	0.00000
100	0.00005	0.00000
101	0.00005	0.00000
102	0.00005	0.00000
103	0.00027	0.00000
104	0.00027	0.97095
105	0.00027	0.00000
106	0.00027	0.00000
107	0.00027	0.00000
108	0.00027	0.00000
109	0.00027	0.00000
110	0.00027	0.72193
111	0.00027	0.00000
112	0.00027	0.00000
113	0.00027	0.00000
114	0.00027	0.00000
115	0.00027	0.00000
116	0.00027	0.00000
117	0.00027	0.00000
118	0.00027	0.00000
119	0.00027	0.00000
120	0.00027	0.00000
121	0.00027	0.00000
122	0.00027	0.00000
123	0.00027	0.00000
124	0.00027	0.00000
125	0.00027	0.00000
126	0.00027	0.00000
127	0.00027	0.00000
128	0.00027	0.00000
129	0.00032	0.00000
130	0.00032	0.00000
131	0.00032	0.00000
132	0.00032	0.00000
133	0.00027	0.00000
134	0.00032	0.00000
135	0.00032	1.45915
136	0.00048	1.35164
137	0.00048	0.00000
138	0.00048	1.22439
139	0.00048	0.00000
140	0.00048	1.22439
141	0.00048	0.98643
142	0.00054	1.76096
143	0.00054	1.15678
144	0.00054	1.36096
145	0.01153	0.20192
146	0.01153	0.00000
147	0.01159	0.20632
148	0.01159	0.16082
149	0.01159	0.20118
150	0.01159	1.27838
151	0.01164	0.04240
152	0.01164	0.00000
153	0.01169	0.25671
154	0.01175	0.29761
155	0.01191	0.15538
156	0.01196	0.29849
157	0.01207	1.06270
158	0.00048	0.91830
159	0.00048	0.76420
160	0.00048	0.00000
161	0.00048	0.76420
162	0.00016	0.00000
163	0.00016	0.00000
164	0.00016	0.00000
165	0.00016	0.00000
166	0.00016	0.00000
167	0.00016	0.00000
168	0.00016	0.00000
169	0.00016	0.00000
170	0.00016	0.00000
171	0.00016	0.00000
172	0.00016	0.00000
173	0.00016	0.00000
174	0.00016	0.00000
175	0.00016	0.00000
176	0.00016	0.00000
177	0.00016	0.00000
178	0.00016	0.00000
179	0.00016	0.00000
180	0.00016	0.00000
181	0.00016	0.00000
182	0.00016	0.00000
183	0.00016	0.91830
184	0.00016	0.00000
185	0.00016	0.00000
186	0.00016	0.91830
187	0.00021	0.00000
188	0.00021	0.00000
189	0.00021	1.00000
190	0.00021	0.81128
191	0.00021	0.00000
192	0.00021	0.81128
193	0.00021	0.00000
194	0.00021	0.00000
195	0.00021	0.81128
196	0.00021	0.00000
197	0.00021	0.00000
198	0.00021	0.81128
199	0.00021	0.81128
200	0.00021	0.00000
201	0.00021	0.00000
202	0.00021	0.00000
203	0.00021	0.00000
204	0.00021	0.00000
205	0.00021	0.00000
206	0.00021	0.00000
207	0.00021	0.81128
208	0.00021	0.00000
209	0.00021	0.00000
210	0.00021	0.00000
211	0.00021	0.00000
212	0.00021	0.00000
213	0.00021	0.00000
214	0.00021	0.00000
215	0.00021	0.00000
216	0.00021	0.81128
217	0.00021	0.00000
218	0.00021	0.00000
219	0.00021	0.00000
220	0.00021	0.00000
221	0.00021	0.00000
222	0.00021	0.00000
223	0.00021	0.81128
224	0.00021	0.00000
225	0.00021	0.81128
226	0.00021	0.00000
227	0.00021	0.00000
228	0.00021	0.81128
229	0.00021	0.00000
230	0.00021	0.00000
231	0.00021	0.81128
232	0.00021	0.00000
233	0.00021	0.00000
234	0.00021	0.00000
235	0.00021	0.00000
236	0.00021	0.00000
237	0.00021	0.00000
238	0.00021	0.00000
239	0.00021	0.00000
240	0.00021	0.00000
241	0.00021	0.00000
242	0.00021	0.00000
243	0.00021	0.00000
244	0.00021	0.00000
245	0.00021	0.00000
246	0.00021	0.00000
247	0.00021	0.00000
248	0.00021	0.00000
249	0.00021	0.00000
250	0.00021	0.00000
251	0.00021	0.00000
252	0.00021	1.50000
253	0.00021	0.81128
254	0.00021	0.00000
255	0.00021	0.00000
256	0.00021	0.00000
257	0.00021	0.00000
258	0.00021	0.00000
259	0.00021	0.00000
260	0.00021	0.00000
261	0.00021	0.00000
262	0.00021	0.81128
263	0.00021	0.00000
264	0.00021	1.50000
265	0.00021	0.00000
266	0.00021	0.00000
267	0.00021	0.00000
268	0.00021	0.81128
269	0.00021	0.81128
270	0.00021	0.81128
271	0.00021	0.81128
272	0.00021	0.81128
273	0.00021	0.00000
274	0.00021	0.81128
275	0.00021	0.81128
276	0.00021	0.81128
277	0.00021	0.00000
278	0.00021	0.00000
279	0.00021	0.81128
280	0.00021	0.00000
281	0.00021	0.00000
282	0.00021	0.00000
283	0.00021	0.00000
284	0.00021	0.00000
285	0.00021	0.81128
286	0.00021	0.00000
287	0.00021	0.00000
288	0.00021	0.00000
289	0.00021	0.00000
290	0.00021	0.00000
291	0.00021	0.00000
292	0.00021	0.00000
293	0.00021	0.00000
294	0.00021	0.00000
295	0.00021	0.00000
296	0.00021	0.00000
297	0.00021	0.00000
298	0.00021	0.00000
299	0.00021	0.00000
300	0.00021	0.00000
301	0.00021	0.00000
302	0.00021	0.00000
303	0.00021	0.00000
304	0.00021	0.00000
305	0.00021	0.00000
306	0.00021	0.00000
307	0.00021	0.81128
308	0.00021	0.00000
309	0.00021	0.00000
310	0.00021	0.00000
311	0.00021	0.00000
312	0.00021	0.81128
313	0.00021	0.00000
314	0.00021	0.00000
315	0.00021	0.81128
316	0.00021	0.00000
317	0.00021	0.81128
318	0.00021	0.81128
319	0.00021	0.00000
320	0.00021	0.00000
321	0.00021	0.00000
322	0.00021	0.00000
323	0.00021	0.00000
324	0.00021	0.81128
325	0.00021	0.00000
326	0.00021	0.00000
327	0.00021	0.81128
328	0.00021	0.00000
329	0.00021	0.00000
330	0.00021	0.81128
331	0.00021	0.00000
332	0.00021	0.00000
333	0.00021	0.00000
334	0.00021	0.00000
335	0.00021	0.00000
336	0.00021	0.00000
337	0.00021	0.00000
338	0.00021	0.00000
339	0.00021	0.00000
340	0.00021	0.00000
341	0.00021	0.00000
342	0.00021	0.00000
343	0.00021	0.00000
344	0.00021	0.00000
345	0.00021	0.00000
346	0.00021	0.81128
347	0.00021	0.00000
348	0.00021	0.81128
349	0.00021	0.00000
350	0.00021	0.00000
351	0.00021	0.81128
352	0.00021	0.00000
353	0.00021	0.00000
354	0.00021	0.00000
355	0.00021	0.00000
356	0.00021	0.00000
357	0.00021	0.00000
358	0.00021	0.00000
359	0.00021	0.00000
360	0.00021	0.81128
361	0.00021	0.00000
362	0.00021	0.00000
363	0.00021	0.00000
364	0.00021	0.00000
365	0.00021	0.00000
366	0.00021	0.00000
367	0.00021	0.00000
368	0.00021	0.00000
369	0.00021	0.00000
370	0.00021	0.00000
371	0.00021	0.00000
372	0.00021	0.00000
373	0.00021	0.00000
374	0.00021	0.00000
375	0.00021	0.00000
376	0.00021	0.00000
377	0.00021	0.00000
378	0.00021	0.81128
379	0.00021	0.00000
380	0.00021	0.00000
381	0.00021	0.00000
382	0.00021	0.00000
383	0.00021	0.00000
384	0.00021	0.00000
385	0.00021	0.81128
386	0.00021	0.00000
387	0.00021	0.00000
388	0.00021	0.00000
389	0.00021	0.00000
390	0.00021	0.00000
391	0.00021	0.81128
392	0.00021	0.00000
393	0.00021	0.00000
394	0.00021	0.00000
395	0.00021	0.00000
396	0.00021	0.81128
397	0.00021	0.81128
398	0.00021	0.00000
399	0.00021	1.50000
400	0.00054	0.00000
401	0.00054	0.00000
402	0.00054	1.29546
403	0.00054	0.92193
404	0.00054	0.46900
405	0.00054	0.97095
406	0.00054	0.46900
407	0.00054	0.97095
408	0.00054	0.46900
409	0.00054	0.00000
410	0.00054	0.97095
411	0.00054	0.00000
412	0.00054	0.00000
413	0.00054	0.00000
414	0.00054	0.00000
415	0.00054	0.97095
416	0.00054	0.97095
417	0.00054	0.46900
418	0.00054	0.00000
419	0.00054	0.00000
420	0.00054	0.88129
421	0.00021	0.00000
422	0.00021	0.00000
423	0.00021	0.81128
424	0.00021	0.00000
425	0.00021	0.00000
426	0.00021	0.81128
427	0.00021	0.00000
428	0.00021	0.00000
429	0.00021	0.00000
430	0.00021	0.00000
431	0.00021	0.00000
432	0.00021	0.00000
433	0.00021	0.00000
434	0.00021	0.00000
435	0.00021	0.81128
436	0.00021	0.81128
437	0.00021	0.00000
438	0.00021	1.00000
439	0.00021	0.00000
440	0.00021	0.00000
441	0.00021	0.00000
442	0.00021	0.00000
443	0.00021	0.00000
444	0.00021	0.00000
445	0.00021	0.00000
446	0.00021	0.00000
447	0.00021	0.00000
448	0.00021	0.81128
449	0.00021	0.00000
450	0.00021	0.81128
451	0.00021	0.81128
452	0.00021	0.00000
453	0.00021	0.81128
454	0.00021	0.00000
455	0.00021	0.00000
456	0.00021	1.00000
457	0.00021	0.00000
458	0.00021	0.00000
459	0.00021	0.00000
460	0.00021	0.00000
461	0.00021	0.00000
462	0.00021	0.81128
463	0.00021	0.00000
464	0.00021	0.00000
465	0.00021	0.00000
466	0.00021	0.00000
467	0.00021	0.81128
468	0.00021	1.50000
469	0.00021	0.00000
470	0.00021	0.00000
471	0.00021	0.81128
472	0.00021	0.00000
473	0.00021	0.00000
474	0.00021	0.00000
475	0.00032	0.65002
476	0.00032	0.00000
477	0.00032	0.65002
478	0.00032	0.00000
479	0.00032	0.91830
480	0.00032	0.91830
481	0.00032	0.00000
482	0.00032	0.91830
483	0.00032	0.91830
484	0.00032	0.00000
485	0.00032	0.00000
486	0.00038	0.00000
487	0.00038	0.00000
488	0.00038	0.00000
489	0.00038	0.59167
490	0.00021	0.00000
491	0.00021	0.00000
492	0.00021	0.00000
493	0.00021	0.00000
494	0.00021	0.00000
495	0.00021	0.00000
496	0.00021	0.00000
497	0.00021	0.00000
498	0.00021	0.81128
499	0.00021	0.00000
500	0.00021	0.00000
501	0.00021	0.00000
502	0.00021	0.81128
503	0.00021	0.81128
504	0.00021	1.50000
505	0.00021	0.00000
506	0.00021	0.00000
507	0.00021	0.81128
508	0.00021	0.00000
509	0.00021	0.00000
510	0.00021	0.81128
511	0.00021	0.00000
512	0.00021	0.00000
513	0.00021	0.81128
514	0.00021	0.00000
515	0.00021	0.00000
516	0.00021	0.00000
517	0.00021	0.00000
518	0.00021	0.00000
519	0.00021	0.81128
520	0.00021	0.81128
521	0.00021	0.00000
522	0.00021	0.00000
523	0.00021	0.00000
524	0.00021	0.00000
525	0.00021	0.00000
526	0.00021	0.00000
527	0.00021	0.00000
528	0.00021	0.81128
529	0.00021	0.00000
530	0.00021	0.00000
531	0.00021	0.81128
532	0.00021	0.00000
533	0.00021	0.00000
534	0.00021	0.00000
535	0.00021	0.00000
536	0.00021	0.00000
537	0.00021	0.81128
538	0.00021	0.00000
539	0.00021	0.00000
540	0.00021	0.00000
541	0.00021	0.00000
542	0.00021	0.00000
543	0.00021	0.00000
544	0.00021	0.00000
545	0.00021	0.00000
546	0.00021	0.00000
547	0.00021	0.00000
548	0.00021	0.00000
549	0.00021	0.00000
550	0.00021	0.00000
551	0.00021	0.00000
552	0.00021	0.00000
553	0.00021	0.81128
554	0.00021	0.81128
555	0.00021	0.81128
556	0.00021	0.00000
557	0.00021	0.00000
558	0.00021	0.81128
559	0.00021	0.00000
560	0.00021	0.00000
561	0.00021	0.00000
562	0.00021	0.00000
563	0.00021	0.00000
564	0.00021	0.81128
565	0.00021	0.81128
566	0.00021	0.00000
567	0.00021	0.00000
568	0.00021	0.00000
569	0.00021	0.00000
570	0.00021	1.00000
571	0.00021	0.00000
572	0.00021	0.00000
573	0.00021	0.81128
574	0.00021	0.00000
575	0.00021	0.00000
576	0.00021	0.00000
577	0.00021	0.00000
578	0.00021	0.00000
579	0.00021	0.81128
580	0.00021	0.00000
581	0.00021	0.00000
582	0.00021	0.81128
583	0.00021	0.00000
584	0.00021	0.00000
585	0.00021	0.81128
586	0.00021	0.81128
587	0.00021	0.00000
588	0.00021	0.81128
589	0.00021	0.00000
590	0.00021	0.00000
591	0.00021	0.00000
592	0.00021	0.00000
593	0.00021	0.00000
594	0.00021	0.81128
595	0.00021	0.00000
596	0.00021	0.00000
597	0.00021	0.81128
598	0.00021	0.00000
599	0.00021	0.00000
600	0.00021	0.00000
601	0.00021	0.00000
602	0.00021	0.00000
603	0.00021	0.00000
604	0.00021	0.00000
605	0.00021	0.00000
606	0.00021	0.81128
607	0.00021	0.00000
608	0.00021	0.00000
609	0.00021	0.00000
610	0.00021	0.00000
611	0.00021	0.00000
612	0.00021	0.81128
613	0.00021	0.81128
614	0.00021	0.00000
615	0.00021	0.00000
616	0.00021	0.00000
617	0.00021	0.00000
618	0.00021	0.81128
619	0.00021	0.00000
620	0.00021	0.00000
621	0.00021	0.81128
622	0.00021	0.00000
623	0.00021	0.00000
624	0.00021	0.00000
625	0.00021	0.00000
626	0.00021	0.00000
627	0.00021	0.00000
628	0.00021	0.00000
629	0.00021	0.00000
630	0.00021	0.00000
631	0.00021	0.00000
632	0.00021	0.00000
633	0.00021	0.00000
634	0.00021	0.00000
635	0.00021	0.00000
636	0.00021	0.81128
637	0.00021	0.81128
638	0.00021	0.00000
639	0.00021	0.00000
640	0.00021	0.00000
641	0.00021	0.00000
642	0.00021	0.00000
643	0.00021	0.00000
644	0.00021	0.00000
645	0.00021	0.00000
646	0.00021	0.00000
647	0.00021	0.00000
648	0.00021	0.00000
649	0.00021	0.00000
650	0.00021	0.00000
651	0.00021	0.00000
652	0.00021	0.81128
653	0.00021	0.00000
654	0.00021	0.00000
655	0.00021	0.00000
656	0.00021	0.00000
657	0.00021	0.81128
658	0.00021	0.81128
659	0.00021	0.81128
660	0.00021	1.50000
661	0.00021	0.00000
662	0.00021	0.00000
663	0.00021	0.00000
664	0.00021	0.00000
665	0.00021	0.00000
666	0.00021	0.81128
667	0.00021	0.00000
668	0.00021	0.00000
669	0.00021	0.00000
670	0.00021	0.00000
671	0.00021	0.81128
672	0.00021	0.00000
673	0.00021	0.00000
674	0.00021	0.00000
675	0.00021	0.00000
676	0.00021	0.00000
677	0.00021	0.00000
678	0.00021	0.00000
679	0.00021	0.81128
680	0.00021	0.00000
681	0.00021	0.00000
682	0.00021	0.00000
683	0.00021	0.00000
684	0.00021	0.00000
685	0.00021	0.81128
686	0.00021	0.00000
687	0.00021	0.00000
688	0.00021	0.81128
689	0.00021	0.00000
690	0.00021	0.81128
691	0.00021	0.00000
692	0.00021	0.00000
693	0.00021	0.81128
694	0.00021	0.00000
695	0.00021	0.00000
696	0.00021	0.00000
697	0.00021	0.00000
698	0.00021	0.00000
699	0.00021	0.81128
700	0.00021	0.00000
701	0.00021	0.00000
702	0.00021	0.00000
703	0.00021	0.00000
704	0.00021	0.00000
705	0.00021	0.00000
706	0.00021	0.00000
707	0.00021	0.00000
708	0.00021	0.00000
709	0.00021	0.00000
710	0.00021	0.00000
711	0.00021	0.81128
712	0.00021	0.00000
713	0.00021	0.00000
714	0.00021	0.81128
715	0.00021	0.00000
716	0.00021	0.00000
717	0.00021	0.00000
718	0.00021	0.81128
719	0.00021	0.00000
720	0.00021	0.81128
721	0.00021	0.81128
722	0.00021	0.00000
723	0.00021	0.81128
724	0.00021	0.81128
725	0.00021	0.00000
726	0.00021	0.81128
727	0.00021	0.00000
728	0.00021	0.00000
729	0.00021	0.00000
730	0.00021	0.00000
731	0.00021	0.00000
732	0.00021	0.81128
733	0.00021	0.00000
734	0.00021	0.00000
735	0.00021	1.00000
736	0.00021	0.00000
737	0.00021	0.00000
738	0.00021	0.00000
739	0.00021	0.00000
740	0.00021	0.00000
741	0.00021	0.00000
742	0.00021	0.00000
743	0.00021	0.00000
744	0.00021	0.00000
745	0.00021	0.00000
746	0.00021	0.00000
747	0.00021	0.00000
748	0.00021	0.00000
749	0.00021	0.00000
750	0.00021	0.81128
751	0.00021	0.00000
752	0.00021	0.00000
753	0.00021	0.81128
754	0.00021	0.00000
755	0.00021	0.00000
756	0.00021	0.81128
757	0.00054	0.97095
758	0.00070	0.00000
759	0.00188	0.91897
760	0.00188	0.00000
761	0.01362	0.21896
762	0.01486	1.28043
763	0.01636	0.26870
764	0.01690	1.28921
765	0.01727	1.75801
766	0.01743	0.22811
767	0.01775	0.62988
768	0.01829	0.84183
769	0.01700	0.16604
770	0.00016	0.00000
771	0.01539	0.19877
772	0.01180	1.53196
773	0.00021	0.00000
774	0.00021	0.00000
775	0.00021	0.00000
776	0.00021	0.00000
777	0.00021	0.00000
778	0.00021	0.00000
779	0.00021	0.00000
780	0.00021	0.00000
781	0.00021	0.81128
782	0.00021	0.81128
783	0.00021	0.00000
784	0.00021	0.81128
785	0.00021	0.00000
786	0.00021	0.00000
787	0.00021	0.00000
788	0.00021	0.00000
789	0.00021	0.00000
790	0.00021	0.00000
791	0.00021	0.00000
792	0.00021	0.00000
793	0.00021	0.81128
794	0.00021	0.00000
795	0.00021	0.00000
796	0.00021	0.00000
797	0.00021	0.00000
798	0.00021	0.00000
799	0.00021	0.00000
800	0.00021	0.00000
801	0.00021	0.00000
802	0.00021	0.00000
803	0.00021	0.00000
804	0.00021	0.00000
805	0.00021	0.00000
806	0.00021	0.81128
807	0.00021	0.00000
808	0.00021	1.00000
809	0.00021	0.00000
810	0.00021	0.00000
811	0.00021	0.00000
812	0.00021	0.00000
813	0.00021	0.00000
814	0.00021	1.00000
815	0.00021	0.00000
816	0.00021	0.00000
817	0.00021	0.00000
818	0.00021	0.00000
819	0.00021	0.00000
820	0.00021	0.00000
821	0.00021	0.00000
822	0.00021	0.00000
823	0.00021	0.00000
824	0.00021	0.00000
825	0.00021	0.00000
826	0.00021	0.81128
827	0.00021	0.00000
828	0.00021	0.00000
829	0.00021	0.00000
830	0.00021	0.00000
831	0.00021	0.00000
832	0.00021	0.81128
833	0.00021	0.00000
834	0.00021	0.00000
835	0.00021	0.00000
836	0.00021	0.00000
837	0.00021	0.00000
838	0.00021	0.81128
839	0.00021	0.81128
840	0.00021	0.00000
841	0.00021	0.00000
842	0.00021	0.00000
843	0.00021	0.00000
844	0.00021	0.00000
845	0.00016	0.00000
846	0.00016	0.00000
847	0.00016	0.00000
848	0.00016	0.00000
849	0.00016	0.00000
850	0.00016	0.91830
851	0.00016	0.00000
852	0.00016	0.00000
853	0.00016	0.00000
854	0.00016	0.00000
855	0.00016	0.00000
856	0.00016	0.91830
857	0.00016	0.00000
858	0.00016	0.00000
859	0.00016	0.00000
860	0.00016	0.00000
861	0.00016	0.00000
862	0.00016	0.91830
863	0.00016	0.00000
864	0.00016	0.00000
865	0.00016	0.00000
866	0.00016	0.00000
867	0.00016	0.00000
868	0.00016	0.00000
869	0.00016	0.00000
870	0.00016	0.00000
871	0.00016	0.00000
872	0.00016	0.00000
873	0.00016	0.00000
874	0.00016	0.91830
875	0.00016	0.00000
876	0.00016	0.00000
877	0.00016	0.00000
878	0.00016	0.00000
879	0.00016	0.00000
880	0.00016	0.00000
881	0.00016	0.00000
882	0.00016	0.00000
883	0.00016	0.91830
884	0.00016	0.00000
885	0.00016	0.00000
886	0.00016	0.91830
887	0.00016	0.00000
888	0.00016	0.00000
889	0.00016	0.91830
890	0.00016	0.00000
891	0.00016	0.00000
892	0.00016	0.00000
893	0.00016	0.00000
894	0.00016	0.00000
895	0.00016	0.00000
896	0.00016	0.91830
897	0.00016	0.00000
898	0.00016	0.00000
899	0.00016	0.00000
900	0.00016	0.00000
901	0.00016	0.00000
902	0.00016	0.00000
903	0.00016	0.00000
904	0.00016	0.00000
905	0.00113	0.00000
906	0.00016	0.00000
907	0.00016	0.00000
908	0.00016	0.00000
909	0.00016	0.00000
910	0.00016	0.91830
911	0.00016	0.00000
912	0.00016	0.00000
913	0.00016	0.91830
914	0.00016	0.00000
915	0.00247	0.00000
916	0.00247	0.00000
917	0.00247	0.00000
918	0.00247	0.00000
919	0.00247	0.00000
920	0.00247	0.00000
921	0.00247	0.00000
922	0.00633	0.25307
923	0.00633	0.00000
924	0.00638	0.07001
925	0.02011	1.05921
926	0.02285	1.12829
927	0.03165	0.72193
928	0.03594	0.89529
929	0.04253	0.84101
930	0.04564	0.24026
931	0.04661	1.08747
932	0.05862	0.05967
933	0.06136	0.01014
934	0.06265	0.12899
935	0.06522	0.03851
936	0.06603	0.01740
937	0.06699	0.92900
938	0.06849	0.06051
939	0.07032	0.47098
940	0.00676	1.00187
941	0.00676	0.06678
942	0.00676	0.06678
943	0.00644	0.44201
944	0.00644	0.06953
945	0.00638	0.00000
946	0.00670	0.91484
947	0.00670	0.61626
948	0.00670	0.34449
949	0.00670	1.44883
950	0.00676	0.61437
951	0.00681	0.40606
952	0.07434	1.24519
953	0.08051	0.22959
954	0.08281	0.22247
955	0.48659	1.24994
956	0.58839	0.43149
957	0.59832	0.03723
958	0.60776	1.38839
959	0.61698	1.20310
960	0.62111	0.03850
961	0.62428	1.22233
962	0.63034	0.03670
963	0.63366	0.05276
964	0.00038	0.98523
965	0.64096	0.87085
966	0.64444	0.12876
967	0.64578	0.10168
968	0.64718	0.63329
969	0.64991	1.27756
970	0.00032	1.25163
971	0.00027	0.00000
972	0.00027	0.00000
973	0.00027	0.00000
974	0.00027	0.72193
975	0.00027	0.00000
976	0.00027	0.72193
977	0.00027	0.72193
978	0.00005	0.00000
979	0.00005	0.00000
980	0.00005	0.00000
981	0.00005	0.00000
982	0.00005	0.00000
983	0.00005	0.00000
984	0.00005	0.00000
985	0.00005	0.00000
986	0.00005	0.00000
987	0.00005	0.00000
988	0.00005	0.00000
989	0.00011	1.00000
990	0.00011	0.00000
991	0.00011	0.00000
992	0.00011	0.00000
993	0.00005	0.00000
994	0.00005	0.00000
995	0.00005	0.00000
996	0.00005	0.00000
997	0.00005	0.00000
998	0.00005	0.00000
999	0.00005	0.00000
1000	0.00005	0.00000
1001	0.00005	0.00000
1002	0.00005	0.00000
1003	0.00005	0.00000
1004	0.00005	0.00000
1005	0.00005	0.00000
1006	0.00005	0.00000
1007	0.00005	0.00000
1008	0.00005	0.00000
1009	0.00005	0.00000
1010	0.00005	0.00000
1011	0.00005	0.00000
1012	0.00005	0.00000
1013	0.00005	0.00000
1014	0.00005	0.00000
1015	0.00016	0.91830
1016	0.65421	0.04310
1017	0.65780	1.54694
1018	0.67008	0.54578
1019	0.67137	0.04989
1020	0.67400	1.17214
1021	0.69336	0.13782
1022	0.69502	0.08009
1023	0.69947	1.33071
1024	0.00263	0.40791
1025	0.00268	0.67956
1026	0.00268	0.14144
1027	0.00247	0.15110
1028	0.00247	0.00000
1029	0.00992	0.80913
1030	0.00992	0.09693
1031	0.00992	1.19270
1032	0.00992	0.08612
1033	0.00992	0.80913
1034	0.00247	0.34782
1035	0.70757	0.26499
1036	0.00756	0.10740
1037	0.71557	0.13605
1038	0.71986	0.90809
1039	0.72597	0.09548
1040	0.73064	0.09964
1041	0.73246	0.24175
1042	0.73541	1.04370
1043	0.73793	0.11730
1044	0.74222	1.64458
1045	0.74641	0.16929
1046	0.74866	0.13114
1047	0.75021	1.19821
1048	0.00016	0.91830
1049	0.75467	0.76553
1050	0.75901	0.03500
1051	0.76196	0.51251
1052	0.76491	0.68981
1053	0.76942	0.07394
1054	0.77151	1.05259
1055	0.77891	0.11255
1056	0.78127	0.04155
1057	0.78497	1.48894
1058	0.80240	0.25272
1059	0.80514	0.03373
1060	0.00027	0.00000
1061	0.00027	0.72193
1062	0.00027	0.00000
1063	0.00027	0.72193
1064	0.00027	0.72193
1065	0.00027	0.72193
1066	0.00027	0.72193
1067	0.00027	0.00000
1068	0.00027	0.00000
1069	0.00027	1.37095
1070	0.00027	0.72193
1071	0.00005	0.00000
1072	0.00005	0.00000
1073	0.00005	0.00000
1074	0.00005	0.00000
1075	0.00005	0.00000
1076	0.00005	0.00000
1077	0.00005	0.00000
1078	0.00005	0.00000
1079	0.00005	0.00000
1080	0.00005	0.00000
1081	0.00005	0.00000
1082	0.00005	0.00000
1083	0.00005	0.00000
1084	0.00005	0.00000
1085	0.00005	0.00000
1086	0.00005	0.00000
1087	0.00005	0.00000
1088	0.00005	0.00000
1089	0.00005	0.00000
1090	0.00005	0.00000
1091	0.00005	0.00000
1092	0.00005	0.00000
1093	0.00005	0.00000
1094	0.00005	0.00000
1095	0.00005	0.00000
1096	0.00005	0.00000
1097	0.00005	0.00000
1098	0.00005	0.00000
1099	0.00011	0.00000
1100	0.00011	0.00000
1101	0.00011	0.00000
1102	0.00011	0.00000
1103	0.00011	0.00000
1104	0.80632	1.52852
1105	0.80803	0.24585
1106	0.80980	0.09963
1107	0.81061	1.38394
1108	0.81469	0.33446
1109	0.81560	0.08731
1110	0.81624	0.30526
1111	0.82016	0.01641
1112	0.82118	0.10945
1113	0.82225	0.96229
1114	0.83523	0.22249
1115	0.83630	0.01511
1116	0.83700	0.52996
1117	0.83737	0.66686
1118	0.83770	0.10223
1119	0.83775	1.06446
1120	0.00016	0.00000
1121	0.00016	0.00000
1122	0.00016	0.00000
1123	0.00011	0.00000
1124	0.00011	0.00000
1125	0.00011	0.00000
1126	0.00011	0.00000
1127	0.00011	0.00000
1128	0.00011	0.00000
1129	0.00005	0.00000
1130	0.00005	0.00000
1131	0.00005	0.00000
1132	0.00005	0.00000
1133	0.00005	0.00000
1134	0.00005	0.00000
1135	0.00005	0.00000
1136	0.00005	0.00000
1137	0.00005	0.00000
1138	0.00005	0.00000
1139	0.00005	0.00000
1140	0.00005	0.00000
1141	0.00005	0.00000
1142	0.00005	0.00000
1143	0.00005	0.00000
1144	0.00005	0.00000
1145	0.00005	0.00000
1146	0.00005	0.00000
1147	0.00005	0.00000
1148	0.00005	0.00000
1149	0.00005	0.00000
1150	0.00005	0.00000
1151	0.00005	0.00000
1152	0.00005	0.00000
1153	0.00005	0.00000
1154	0.00005	0.00000
1155	0.00005	0.00000
1156	0.00005	0.00000
1157	0.00005	0.00000
1158	0.00005	0.00000
1159	0.00005	0.00000
1160	0.00005	0.00000
1161	0.00005	0.00000
1162	0.00005	0.00000
1163	0.00005	0.00000
1164	0.00005	0.00000
1165	0.00005	0.00000
1166	0.00005	0.00000
1167	0.00005	0.00000
1168	0.00005	0.00000
1169	0.00005	0.00000
1170	0.00027	0.00000
1171	0.00032	0.00000
1172	0.00032	0.00000
1173	0.00032	0.00000
1174	0.00038	0.86312
1175	0.00038	0.86312
1176	0.00038	0.00000
1177	0.00038	0.00000
1178	0.00038	0.86312
1179	0.00038	0.59167
1180	0.83780	0.02791
1181	0.83791	0.00560
1182	0.83818	0.67356
1183	0.83834	0.09878
1184	0.83855	0.03715
1185	0.83861	1.55118
1186	0.83866	1.29599
1187	0.83871	0.03421
1188	0.83871	0.88095
1189	0.83877	0.02217
1190	0.83818	0.03765
1191	0.83882	0.40734
1192	0.83888	1.05525
1193	0.00021	1.00000
1194	0.00021	1.00000
1195	0.00011	0.00000
1196	0.00011	0.00000
1197	0.00005	0.00000
1198	0.00005	0.00000
1199	0.00005	0.00000
1200	0.00005	0.00000
1201	0.00005	0.00000
1202	0.00005	0.00000
1203	0.00005	0.00000
1204	0.00005	0.00000
1205	0.00005	0.00000
1206	0.00005	0.00000
1207	0.00005	0.00000
1208	0.00005	0.00000
1209	0.00005	0.00000
1210	0.00005	0.00000
1211	0.00005	0.00000
1212	0.00005	0.00000
1213	0.00005	0.00000
1214	0.00011	1.00000
1215	0.00016	0.00000
1216	0.00016	0.91830
1217	0.83888	0.00547
1218	0.83888	1.02544
1219	0.84327	0.28013
1220	0.84333	0.11931
1221	0.84333	1.63682
1222	0.84569	1.03247
1223	0.84655	0.13126
1224	0.84665	1.63683
1225	0.84703	0.70685
1226	0.84714	0.94356
1227	0.84714	1.11983
1228	0.84740	0.90905
1229	0.84740	0.91349
1230	0.84746	1.48896
1231	0.84821	1.11910
1232	0.84842	0.49926
1233	0.00011	1.00000
1234	0.00005	0.00000
1235	0.00005	0.00000
1236	0.00005	0.00000
1237	0.00005	0.00000
1238	0.00005	0.00000
1239	0.00005	0.00000
1240	0.00005	0.00000
1241	0.00005	0.00000
1242	0.00005	0.00000
1243	0.00005	0.00000
1244	0.00005	0.00000
1245	0.00005	0.00000
1246	0.00011	0.00000
1247	0.00011	0.00000
1248	0.00011	0.00000
1249	0.00011	0.00000
1250	0.00011	0.00000
1251	0.00011	0.00000
1252	0.00011	1.00000
1253	0.00011	1.00000
1254	0.00011	0.00000
1255	0.00011	0.00000
1256	0.00011	0.00000
1257	0.00011	0.00000
1258	0.00011	1.00000
1259	0.00011	1.00000
1260	0.00011	0.00000
1261	0.00011	0.00000
1262	0.00011	0.00000
1263	0.00011	0.00000
1264	0.00011	0.00000
1265	0.00011	1.00000
1266	0.00011	0.00000
1267	0.00011	0.00000
1268	0.00011	0.00000
1269	0.00011	0.00000
1270	0.00011	0.00000
1271	0.00011	0.00000
1272	0.00011	0.00000
1273	0.00011	0.00000
1274	0.00011	0.00000
1275	0.00011	0.00000
1276	0.00011	0.00000
1277	0.00011	0.00000
1278	0.00011	0.00000
1279	0.00011	1.00000
1280	0.00016	0.00000
1281	0.00016	0.91830
1282	0.85046	1.46887
1283	0.85051	1.52811
1284	0.85068	0.00888
1285	0.85068	0.99527
1286	0.85068	0.20287
1287	0.00788	0.05876
1288	0.85223	0.07065
1289	0.85228	0.87208
1290	0.85228	1.00259
1291	0.01030	1.37503
1292	0.01030	0.96332
1293	0.01030	0.04700
1294	0.01030	1.12852
1295	0.01030	0.77656
1296	0.01030	0.00000
1297	0.01030	1.10601
1298	0.00247	0.30150
1299	0.00247	0.00000
1300	0.00247	0.00000
1301	0.00247	0.49597
1302	0.85228	0.96558
1303	0.85228	1.21391
1304	0.85228	0.12999
1305	0.85223	0.01671
1306	0.85223	0.48988
1307	0.85223	0.18793
1308	0.85228	0.04052
1309	0.85234	0.80631
1310	0.00788	0.11745
1311	0.00783	0.00000
1312	0.00783	0.00000
1313	0.00783	0.67519
1314	0.00783	0.18117
1315	0.00783	0.00000
1316	0.00783	0.84711
1317	0.00783	0.00000
1318	0.00783	0.00000
1319	0.00783	0.57497
1320	0.00783	0.00000
1321	0.00783	0.00000
1322	0.00783	1.38214
1323	0.00783	0.00000
1324	0.00783	0.00000
1325	0.00783	0.44387
1326	0.00783	0.00000
1327	0.00783	0.00000
1328	0.00783	0.16338
1329	0.85132	0.12473
1330	0.85132	0.04448
1331	0.85373	0.23901
1332	0.85373	0.42654
1333	0.85373	0.47216
1334	0.85373	0.93051
1335	0.85373	0.00454
1336	0.85373	0.60742
1337	0.85373	0.56358
1338	0.85373	0.00278
1339	0.85373	0.07773
1340	0.85373	0.87536
1341	0.85127	1.03627
1342	0.85127	0.29836
1343	0.85127	1.50855
1344	0.85127	1.50974
1345	0.85127	0.00887
1346	0.85127	1.33554
1347	0.85127	0.88618
1348	0.85127	0.07737
1349	0.85127	1.34182
1350	0.85132	0.00721
1351	0.85132	0.00388
1352	0.85132	1.36238
1353	0.85132	0.66164
1354	0.85132	0.72354
1355	0.85132	1.66399
1356	0.85132	0.00435
1357	0.85137	0.00983
1358	0.85341	0.75783
1359	0.85341	0.00375
1360	0.85588	0.08027
1361	0.85588	1.48260
1362	0.00783	0.00000
1363	0.00783	0.45583
1364	0.00783	0.49205
1365	0.00783	0.00000
1366	0.00783	0.00000
1367	0.00783	0.10442
1368	0.00783	0.00000
1369	0.85593	0.16857
1370	0.85593	0.02238
1371	0.85593	0.90274
1372	0.85582	0.35269
1373	0.85582	0.03439
1374	0.85582	0.64006
1375	0.85582	0.03021
1376	0.85582	0.00621
1377	0.85582	0.05788
1378	0.85604	0.00613
1379	0.85609	0.02111
1380	0.00788	0.42123
1381	0.85604	0.51549
1382	0.85615	0.09540
1383	0.85615	0.03779
1384	0.85615	0.79219
1385	0.85615	0.06950
1386	0.85615	0.06387
1387	0.85615	0.67469
1388	0.85615	0.11298
1389	0.01030	0.79435
1390	0.01030	0.00000
1391	0.00038	0.00000
1392	0.00038	0.00000
1393	0.00038	0.00000
1394	0.00038	0.98523
1395	0.00038	0.98523
1396	0.00038	0.00000
1397	0.00027	0.72193
1398	0.00027	0.00000
1399	0.00005	0.00000
1400	0.00005	0.00000
1401	0.00005	0.00000
1402	0.00038	1.37878
1403	0.01030	1.02561
1404	0.01030	0.14609
1405	0.85615	0.22625
1406	0.85620	0.42589
1407	0.85620	0.30120
1408	0.85615	0.07962
1409	0.85615	1.04986
1410	0.85609	0.03563
1411	0.85609	0.00766
1412	0.85609	0.58559
1413	0.85609	0.11172
1414	0.85620	0.11082
1415	0.86081	1.39818
1416	0.86623	0.01632
1417	0.86623	0.00615
1418	0.86628	0.75407
1419	0.00751	0.00000
1420	0.00751	0.00000
1421	0.00746	0.28792
1422	0.00746	0.00000
1423	0.00746	0.00000
1424	0.00746	0.66376
1425	0.00746	0.31766
1426	0.00756	0.00000
1427	0.00756	0.12159
1428	0.00783	0.05909
1429	0.00783	0.00000
1430	0.00783	0.21526
1431	0.86693	0.06526
1432	0.86693	0.10467
1433	0.86693	0.28400
1434	0.86714	0.02564
1435	0.86714	0.01580
1436	0.86714	0.67240
1437	0.86714	0.01386
1438	0.86714	0.01524
1439	0.86714	1.62299
1440	0.86725	0.01658
1441	0.86725	0.00909
1442	0.86725	0.99234
1443	0.86736	0.03569
1444	0.86736	0.00974
1445	0.86736	0.77225
1446	0.86757	0.10642
1447	0.86795	0.11109
1448	0.86795	1.04959
1449	0.86800	0.10492
1450	0.86795	0.10143
1451	0.86795	0.69119
1452	0.86838	0.11761
1453	0.86838	0.58854
1454	0.86838	0.65498
1455	0.86854	1.07771
1456	0.86854	0.01165
1457	0.86886	0.94666
1458	0.87411	0.95722
1459	0.87411	0.06190
1460	0.87411	1.65227
1461	0.87428	0.10579
1462	0.87428	0.01768
1463	0.87428	1.59348
1464	0.01030	0.04700
1465	0.01030	0.00000
1466	0.00783	0.94516
1467	0.00783	0.00000
1468	0.01019	0.48546
1469	0.00032	0.91830
1470	0.00032	0.00000
1471	0.00032	0.00000
1472	0.00032	0.00000
1473	0.00279	0.51595
1474	0.86709	0.96524
1475	0.86714	0.01370
1476	0.86725	0.74026
1477	0.86741	0.04284
1478	0.86752	0.04129
1479	0.86757	0.46008
1480	0.86757	1.32832
1481	0.86762	0.01499
1482	0.86762	1.32013
1483	0.00032	0.00000
1484	0.00032	0.65002
1485	0.00032	0.91830
1486	0.00032	0.00000
1487	0.00032	0.91830
1488	0.00032	0.00000
1489	0.00005	0.00000
1490	0.00005	0.00000
1491	0.00005	0.00000
1492	0.00032	0.00000
1493	0.00032	0.00000
1494	0.86795	0.06598
1495	0.86795	0.05457
1496	0.87535	1.36249
1497	0.87535	1.12343
1498	0.87535	0.15090
1499	0.87605	1.70478
1500	0.87631	0.11068
1501	0.87631	0.10956
1502	0.87631	1.44790
1503	0.87701	0.04396
1504	0.87707	0.03908
1505	0.87707	0.66605
1506	0.87707	0.01626
1507	0.87707	0.01223
1508	0.87782	0.44577
1509	0.87535	0.05258
1510	0.87535	0.08693
1511	0.87535	1.62690
1512	0.00016	0.91830
1513	0.00005	0.00000
1514	0.00005	0.00000
1515	0.00032	0.65002
1516	0.00032	1.25163
1517	0.00032	1.25163
1518	0.87524	0.05085
1519	0.87524	0.47507
1520	0.87540	1.04835
1521	0.87562	0.01513
1522	0.87562	0.08435
1523	0.87562	1.62137
1524	0.87556	0.08504
1525	0.87556	0.08954
1526	0.00032	0.00000
1527	0.00032	0.00000
1528	0.00032	0.00000
1529	0.00027	0.00000
1530	0.00027	0.00000
1531	0.00027	0.00000
1532	0.00027	0.00000
1533	0.00027	0.00000
1534	0.00027	0.00000
1535	0.00027	0.00000
1536	0.00027	0.00000
1537	0.00027	0.00000
1538	0.00027	0.72193
1539	0.00027	0.00000
1540	0.00027	0.00000
1541	0.00027	0.72193
1542	0.00027	0.00000
1543	0.00027	0.00000
1544	0.00027	0.72193
1545	0.00027	0.00000
1546	0.00027	0.00000
1547	0.00027	0.72193
1548	0.00027	0.00000
1549	0.00027	0.00000
1550	0.00027	0.72193
1551	0.00027	0.00000
1552	0.00027	0.00000
1553	0.87556	1.31523
1554	0.87808	0.59259
1555	0.87808	0.08799
1556	0.87808	0.39175
1557	0.87808	0.10950
1558	0.87808	0.01713
1559	0.87808	0.40322
1560	0.87808	0.07937
1561	0.87808	0.04162
1562	0.87819	0.70296
1563	0.88130	0.17206
1564	0.88141	0.01701
1565	0.87900	0.17001
1566	0.87905	0.08379
1567	0.87165	0.01858
1568	0.87175	0.33504
1569	0.87562	0.01462
1570	0.87562	0.01091
1571	0.87556	0.74949
1572	0.87862	0.01824
1573	0.87862	0.01452
1574	0.88109	0.27912
1575	0.88120	0.93490
1576	0.88120	0.01409
1577	0.88114	1.73635
1578	0.88114	1.00055
1579	0.88860	0.03516
1580	0.88865	1.68882
1581	0.88865	0.09315
1582	0.88870	0.04695
1583	0.88870	1.67418
1584	0.88870	0.04075
1585	0.88876	0.10872
1586	0.88876	1.64071
1587	0.88881	0.02103
1588	0.88887	0.09872
1589	0.88892	1.41097
1590	0.88935	1.37439
1591	0.88940	0.11133
1592	0.88946	1.50262
1593	0.88946	1.23850
1594	0.88978	1.29226
1595	0.88978	1.53272
1596	0.88983	1.18370
1597	0.88983	0.03612
1598	0.88983	1.50240
1599	0.89262	1.10822
1600	0.89300	0.03614
1601	0.89294	1.16111
1602	0.89294	1.46399
1603	0.89407	0.65000
1604	0.89407	1.52700
1605	0.89407	1.46845
1606	0.89165	0.63113
1607	0.89165	1.09576
1608	0.89171	0.58348
1609	0.89171	0.05071
1610	0.89176	0.83157
1611	0.89187	0.12676
1612	0.89192	1.17164
1613	0.89198	1.42863
1614	0.89203	0.44736
1615	0.89208	0.12237
1616	0.89208	1.06893
1617	0.89187	0.88094
1618	0.89187	0.52533
1619	0.89187	1.13677
1620	0.89305	1.07390
1621	0.89305	1.18743
1622	0.89310	1.38078
1623	0.89407	1.62649
1624	0.89407	1.62900
1625	0.89648	1.66588
1626	0.89654	0.09568
1627	0.89654	0.08765
1628	0.89659	1.62057
1629	0.89659	1.18999
1630	0.89659	1.05637
1631	0.89831	1.60811
1632	0.89831	0.08201
1633	0.89831	0.04154
1634	0.89831	1.48576
1635	0.00992	0.04849
1636	0.00992	0.04849
1637	0.00992	0.65211
1638	0.00992	0.80913
1639	0.00746	0.00000
1640	0.00746	0.34601
1641	0.00746	0.10865
1642	0.00746	0.00000
1643	0.00746	0.69526
1644	0.00746	0.00000
1645	0.00746	0.00000
1646	0.00746	0.00000
1647	0.00746	0.00000
1648	0.00751	0.00000
1649	0.00751	0.97498
1650	0.00751	0.00000
1651	0.00998	0.00000
1652	0.00998	1.42391
1653	0.00998	1.46362
1654	0.00998	0.00000
1655	0.00998	1.06822
1656	0.00998	0.00000
1657	0.01024	0.00000
1658	0.01024	0.75564
1659	0.89857	0.25427
1660	0.89857	0.06562
1661	0.89857	1.33032
1662	0.89857	0.03894
1663	0.89857	0.01468
1664	0.89857	1.36547
1665	0.89847	0.00944
1666	0.89847	0.10744
1667	0.89852	0.40054
1668	0.89863	0.08367
1669	0.89863	0.04006
1670	0.89868	1.42345
1671	0.89868	1.34327
1672	0.89906	0.04158
1673	0.89906	1.32647
1674	0.90356	0.08185
1675	0.90356	0.04339
1676	0.00016	1.58496
1677	0.00011	1.00000
1678	0.00016	1.58496
1679	0.92115	1.04820
1680	0.92191	0.10578
1681	0.92196	0.10581
1682	0.92196	1.72986
1683	0.92201	0.08095
1684	0.92201	0.08695
1685	0.92201	1.60797
1686	0.92207	0.96482
1687	0.92207	0.02435
1688	0.92207	0.76106
1689	0.00794	1.07328
1690	0.00746	0.00000
1691	0.00746	0.29979
1692	0.00751	0.00000
1693	0.00746	0.00000
1694	0.00746	0.06156
1695	0.00794	0.33066
1696	0.00794	0.43270
1697	0.91965	1.09991
1698	0.91965	0.01275
1699	0.00751	0.00000
1700	0.00751	0.06119
1701	0.00005	0.00000
1702	0.00005	0.00000
1703	0.00005	0.00000
1704	0.00005	0.00000
1705	0.00751	0.00000
1706	0.00751	0.00000
1707	0.00751	0.53345
1708	0.00751	1.45416
1709	0.92239	1.64480
1710	0.92244	0.52126
1711	0.92244	0.46840
1712	0.92250	1.32632
1713	0.92207	0.23574
1714	0.92207	0.14380
1715	0.92207	0.73394
1716	0.92255	0.86009
1717	0.92255	0.49990
1718	0.92207	1.37697
1719	0.92207	0.02286
1720	0.92207	0.77093
1721	0.92255	0.84689
1722	0.92255	0.09492
1723	0.92255	0.10810
1724	0.00043	0.54356
1725	0.00027	0.72193
1726	0.00005	0.00000
1727	0.00005	0.00000
1728	0.00011	0.00000
1729	0.00011	0.00000
1730	0.00011	1.00000
1731	0.00011	1.00000
1732	0.92228	0.93627
1733	0.92233	0.38388
1734	0.92228	1.22276
1735	0.91493	1.54925
1736	0.91499	0.08835
1737	0.91499	0.06307
1738	0.91493	1.81969
1739	0.91493	1.42044
1740	0.91493	0.78647
1741	0.91499	1.59261
1742	0.91499	0.08066
1743	0.91499	0.04048
1744	0.91520	1.32695
1745	0.91536	1.02067
1746	0.92282	0.34879
1747	0.92282	1.26413
1748	0.92292	0.11191
1749	0.92292	0.01161
1750	0.92292	0.86998
1751	0.92303	1.35515
1752	0.92652	0.02192
1753	0.92689	0.84720
1754	0.92689	1.50905
1755	0.92689	0.21569
1756	0.92695	1.33469
1757	0.92695	0.08187
1758	0.92695	0.03915
1759	0.92684	0.70333
1760	0.92689	0.01547
1761	0.92684	0.02774
1762	0.92684	0.78626
1763	0.92700	0.11734
1764	0.92705	0.04480
1765	0.92705	1.44721
1766	0.92705	0.89206
1767	0.92705	0.08766
1768	0.92705	1.51485
1769	0.92705	0.04050
1770	0.92705	0.01610
1771	0.92705	0.51826
1772	0.92453	0.23876
1773	0.92705	0.01585
1774	0.92705	0.88100
1775	0.92711	0.12158
1776	0.92705	0.10688
1777	0.92722	1.61652
1778	0.92727	0.01456
1779	0.92727	0.01437
1780	0.92727	1.44560
1781	0.92727	0.37291
1782	0.92727	0.12682
1783	0.92727	0.67323
1784	0.01030	0.00000
1785	0.01030	0.80292
1786	0.01024	1.06829
1787	0.01024	0.98973
1788	0.01019	0.84383
1789	0.01019	1.58132
1790	0.01019	0.00000
1791	0.01019	0.79852
1792	0.01019	1.32853
1793	0.01019	0.79852
1794	0.01019	0.79852
1795	0.00247	0.49597
1796	0.00247	0.00000
1797	0.00247	0.00000
1798	0.00247	0.79359
1799	0.00247	0.00000
1800	0.00247	0.00000
1801	0.91971	0.01946
1802	0.91976	0.01805
1803	0.91976	1.64657
1804	0.91981	0.03853
1805	0.91981	0.01940
1806	0.91981	1.25677
1807	0.91981	0.03932
1808	0.91987	0.00925
1809	0.91965	0.66274
1810	0.91971	1.50007
1811	0.91976	0.01123
1812	0.91976	0.87323
1813	0.91976	0.04934
1814	0.91976	0.01045
1815	0.91976	1.57335
1816	0.91976	0.23838
1817	0.91976	0.04245
1818	0.91976	1.35167
1819	0.91976	0.02346
1820	0.92727	0.04509
1821	0.92732	0.75338
1822	0.92738	0.08616
1823	0.92743	0.04096
1824	0.92743	0.73235
1825	0.92743	0.08317
1826	0.92743	0.03940
1827	0.92743	0.44094
1828	0.92764	0.01839
1829	0.92764	0.06049
1830	0.92764	0.87410
1831	0.92764	0.77480
1832	0.92764	0.10009
1833	0.92759	1.44607
1834	0.92759	0.02897
1835	0.92759	0.07764
1836	0.92759	1.30438
1837	0.92759	0.01279
1838	0.92759	0.04034
1839	0.92512	0.68638
1840	0.92512	1.47642
1841	0.92512	0.07529
1842	0.92507	1.17581
1843	0.92507	0.01082
1844	0.92754	0.08561
1845	0.92759	0.74073
1846	0.92759	0.10428
1847	0.00772	0.46799
1848	0.00772	0.00000
1849	0.00772	0.36874
1850	0.00027	0.72193
1851	0.00027	0.00000
1852	0.00011	1.00000
1853	0.00005	0.00000
1854	0.00005	0.00000
1855	0.00005	0.00000
1856	0.00005	0.00000
1857	0.00005	0.00000
1858	0.00005	0.00000
1859	0.00005	0.00000
1860	0.00005	0.00000
1861	0.00005	0.00000
1862	0.00011	1.00000
1863	0.92770	0.04419
1864	0.92770	0.36833
1865	0.92705	0.29277
1866	0.92705	0.21651
1867	0.92705	0.94302
1868	0.92770	0.67269
1869	0.92770	0.09151
1870	0.92770	0.86918
1871	0.92872	0.81816
1872	0.92936	0.97164
1873	0.92196	0.92376
1874	0.92196	0.55262
1875	0.92196	0.68075
1876	0.92201	1.26847
1877	0.92201	1.39558
1878	0.92201	0.30752
1879	0.92201	1.39707
1880	0.92008	0.95879
1881	0.00011	1.00000
1882	0.00005	0.00000
1883	0.00005	0.00000
1884	0.00005	0.00000
1885	0.00005	0.00000
1886	0.00005	0.00000
1887	0.00005	0.00000
1888	0.00005	0.00000
1889	0.00005	0.00000
1890	0.00005	0.00000
1891	0.00005	0.00000
1892	0.00005	0.00000
1893	0.00005	0.00000
1894	0.00005	0.00000
1895	0.00005	0.00000
1896	0.00032	0.00000
1897	0.00032	0.91830
1898	0.00038	0.59167
1899	0.92008	0.18298
1900	0.92008	1.46961
1901	0.92201	1.31570
1902	0.92201	0.29048
1903	0.92201	1.13621
1904	0.92196	0.06152
1905	0.92201	0.01465
1906	0.92201	0.88131
1907	0.00279	0.00000
1908	0.00005	0.00000
1909	0.00284	0.51890
1910	0.00284	0.45079
1911	0.92941	0.01955
1912	0.92941	0.03989
1913	0.92941	0.22871
1914	0.92941	0.32744
1915	0.92936	0.27673
1916	0.92941	1.10360
1917	0.92941	0.52492
1918	0.92941	0.09288
1919	0.92941	1.46802
1920	0.92941	1.01157
1921	0.92936	0.09188
1922	0.92936	1.34660
1923	0.92936	1.27679
1924	0.92936	0.09123
1925	0.92936	0.85397
1926	0.92931	0.61412
1927	0.92936	0.35272
1928	0.92936	1.59322
1929	0.92936	0.09281
1930	0.92936	0.01064
1931	0.92925	0.20252
1932	0.00263	0.00000
1933	0.00263	0.14373
1934	0.00263	0.93631
1935	0.00263	0.38851
1936	0.00263	0.14373
1937	0.00257	0.29155
1938	0.00263	0.00000
1939	0.00263	0.00000
1940	0.00263	0.73081
1941	0.92931	0.26297
1942	0.92947	0.01609
1943	0.92958	1.39920
1944	0.92958	0.05087
1945	0.92958	0.02723
1946	0.92958	0.80511
1947	0.92958	1.39984
1948	0.92958	0.08446
1949	0.92958	1.01659
1950	0.92958	0.21622
1951	0.92952	0.14018
1952	0.92958	0.87710
1953	0.92958	0.06378
1954	0.92958	0.09862
1955	0.92958	1.42570
1956	0.92958	0.44663
1957	0.92958	0.07345
1958	0.92958	1.45805
1959	0.92958	0.60264
1960	0.00005	0.00000
1961	0.92936	0.08963
1962	0.92936	1.14105
1963	0.92936	1.00641
1964	0.92936	0.00526
1965	0.92936	1.38993
1966	0.92936	1.01962
1967	0.92931	0.00436
1968	0.92931	1.54125
1969	0.92931	0.88341
1970	0.00032	0.65002
1971	0.92941	0.00331
1972	0.92941	1.51607
1973	0.92941	1.11933
1974	0.92952	0.09590
1975	0.00252	0.29643
1976	0.00268	0.00000
1977	0.00268	0.14144
1978	0.00268	0.32744
1979	0.00268	0.14144
1980	0.00268	0.14144
1981	0.00290	0.51191
1982	0.00290	0.13304
1983	0.00295	0.13111
1984	0.92952	1.40949
1985	0.92952	0.31793
1986	0.92952	0.07298
1987	0.92952	1.47670
1988	0.92952	0.95142
1989	0.92952	0.03371
1990	0.92952	1.70000
1991	0.92952	0.09808
1992	0.92952	0.06946
1993	0.92947	1.51353
1994	0.92952	0.15394
1995	0.92952	0.04031
1996	0.92947	1.42107
1997	0.92952	1.02699
1998	0.92952	0.10149
1999	0.92952	1.06851
2000	0.92941	0.05028
2001	0.92947	0.10337
2002	0.92947	1.68279
2003	0.92947	0.03413
2004	0.92947	0.10983
2005	0.92947	1.29425
2006	0.92947	0.12097
2007	0.92947	0.09821
2008	0.92947	1.32345
2009	0.92941	0.09012
2010	0.92941	0.07482
2011	0.92941	0.76803
2012	0.92941	0.07608
2013	0.92936	0.04296
2014	0.92936	1.39680
2015	0.92936	0.00588
2016	0.92941	0.07365
2017	0.92941	0.27195
2018	0.92947	0.94330
2019	0.92936	0.07306
2020	0.92840	1.31088
2021	0.92840	1.01504
2022	0.92840	0.00741
2023	0.92840	0.98374
2024	0.92941	0.07826
2025	0.92941	0.14409
2026	0.92947	1.34136
2027	0.92947	0.08301
2028	0.92952	0.08905
2029	0.92952	1.00652
2030	0.00032	1.25163
2031	0.00021	0.00000
2032	0.00021	0.00000
2033	0.00027	0.72193
2034	0.00032	0.00000
2035	0.00032	0.00000
2036	0.00032	0.65002
2037	0.00032	0.65002
2038	0.00032	0.65002
2039	0.00038	0.86312
2040	0.92319	0.01655
2041	0.92319	0.04003
2042	0.92314	1.12455
2043	0.92309	0.03795
2044	0.92309	0.03879
2045	0.92303	0.86696
2046	0.92309	1.23063
2047	0.92303	0.01248
2048	0.92298	1.13244
2049	0.00257	0.29155
2050	0.92931	0.00947
2051	0.92925	0.02811
2052	0.92845	0.54556
2053	0.92292	0.10360
2054	0.92105	0.09780
2055	0.91938	1.48167
2056	0.91735	0.47470
2057	0.91595	0.13417
2058	0.91375	1.51700
2059	0.00027	1.92193
2060	0.00011	0.00000
2061	0.00038	0.86312
2062	0.91182	0.04427
2063	0.91118	0.02531
2064	0.90952	0.85599
2065	0.90646	0.03373
2066	0.90447	0.01408
2067	0.89890	0.61540
2068	0.89611	0.11157
2069	0.89144	0.03682
2070	0.88785	1.04034
2071	0.88613	0.07449
2072	0.88474	0.04360
2073	0.88189	1.72542
2074	0.88018	1.01236
2075	0.87959	0.41688
2076	0.87717	1.69446
2077	0.87610	0.11860
2078	0.87530	0.11022
2079	0.87234	1.40844
2080	0.00032	1.25163
2081	0.87009	0.05568
2082	0.86902	0.11836
2083	0.00011	0.00000
2084	0.85947	1.69063
2085	0.85786	0.04885
2086	0.85588	0.04918
2087	0.85046	1.57149
2088	0.00005	0.00000
2089	0.00005	0.00000
2090	0.00005	0.00000
2091	0.00005	0.00000
2092	0.00005	0.00000
2093	0.00005	0.00000
2094	0.00005	0.00000
2095	0.00005	0.00000
2096	0.00005	0.00000
2097	0.00005	0.00000
2098	0.00005	0.00000
2099	0.00005	0.00000
2100	0.00005	0.00000
2101	0.00005	0.00000
2102	0.00005	0.00000
2103	0.00005	0.00000
2104	0.00005	0.00000
2105	0.00005	0.00000
2106	0.00005	0.00000
2107	0.00005	0.00000
2108	0.00005	0.00000
2109	0.00005	0.00000
2110	0.00005	0.00000
2111	0.00005	0.00000
2112	0.00005	0.00000
2113	0.00005	0.00000
2114	0.00005	0.00000
2115	0.00005	0.00000
2116	0.00005	0.00000
2117	0.00005	0.00000
2118	0.00005	0.00000
2119	0.00005	0.00000
2120	0.00005	0.00000
2121	0.00005	0.00000
2122	0.00005	0.00000
2123	0.00005	0.00000
2124	0.00005	0.00000
2125	0.00005	0.00000
2126	0.00005	0.00000
2127	0.00005	0.00000
2128	0.00005	0.00000
2129	0.00005	0.00000
2130	0.00005	0.00000
2131	0.00005	0.00000
2132	0.00005	0.00000
2133	0.00005	0.00000
2134	0.00005	0.00000
2135	0.00005	0.00000
2136	0.00005	0.00000
2137	0.00005	0.00000
2138	0.00005	0.00000
2139	0.00005	0.00000
2140	0.00005	0.00000
2141	0.00005	0.00000
2142	0.00005	0.00000
2143	0.00005	0.00000
2144	0.00005	0.00000
2145	0.00005	0.00000
2146	0.00005	0.00000
2147	0.00005	0.00000
2148	0.00005	0.00000
2149	0.00005	0.00000
2150	0.00005	0.00000
2151	0.00005	0.00000
2152	0.00005	0.00000
2153	0.00005	0.00000
2154	0.00011	1.00000
2155	0.00011	1.00000
2156	0.00011	1.00000
2157	0.00021	0.81128
2158	0.00021	0.81128
2159	0.00021	0.81128
2160	0.00005	0.00000
2161	0.00644	0.13896
2162	0.00654	0.18907
2163	0.85384	0.05141
2164	0.84815	0.06182
2165	0.00021	0.81128
2166	0.84075	1.08737
2167	0.83807	0.12219
2168	0.82986	0.05787
2169	0.82568	1.45405
2170	0.82101	0.14825
2171	0.81635	0.04124
2172	0.81415	0.76590
2173	0.81179	1.05435
2174	0.80830	0.07262
2175	0.80584	1.21402
2176	0.80439	0.04694
2177	0.80374	0.47130
2178	0.80095	1.02960
2179	0.80117	0.11008
2180	0.79940	0.06013
2181	0.79543	0.22700
2182	0.79489	0.10847
2183	0.78771	0.10532
2184	0.78207	0.88795
2185	0.77408	0.88478
2186	0.77049	0.06085
2187	0.76818	0.55197
2188	0.75349	0.10841
2189	0.73986	0.15444
2190	0.72903	0.76321
2191	0.30594	0.45021
2192	0.00005	0.00000
2193	0.28315	0.32230
2194	0.27301	0.42132
2195	0.00005	0.00000
2196	0.27478	0.47099
2197	0.27306	0.47192
2198	0.26915	0.90414
2199	0.26416	0.48117
2200	0.26250	0.34364
2201	0.00005	0.00000
2202	0.25139	0.59747
2203	0.24571	0.35034
2204	0.24346	0.35990
2205	0.23209	1.86152
2206	0.23085	0.15933
2207	0.22613	0.19858
2208	0.22163	1.14917
2209	0.21465	0.18928
2210	0.21235	0.22440
2211	0.20859	1.63894
2212	0.20843	0.22089
2213	0.20387	0.20706
2214	0.20806	0.50491
2215	0.20602	0.20400
2216	0.20596	0.20778
2217	0.21181	1.53029
2218	0.21063	0.19774
2219	0.21042	0.18621
2220	0.20993	0.78129
2221	0.21267	0.18629
2222	0.21256	0.17867
2223	0.21315	0.74615
2224	0.21321	1.11810
2225	0.21321	0.16011
2226	0.21358	1.18311
2227	0.21599	0.14263
2228	0.21642	0.13982
2229	0.21642	0.71454
2230	0.21653	1.18531
2231	0.21658	0.12261
2232	0.21664	1.58179
2233	0.21669	0.15095
2234	0.21712	0.12586
2235	0.21717	1.57286
2236	0.21728	0.10539
2237	0.21739	0.10047
2238	0.21744	0.83274
2239	0.22597	0.08536
2240	0.23884	0.08568
2241	0.23895	0.59953
2242	0.00005	0.00000
2243	0.24153	0.07020
2244	0.24228	0.10940
2245	0.24287	1.75225
2246	0.24287	1.18656
2247	0.24303	0.07539
2248	0.24324	0.44247
2249	0.24319	0.11019
2250	0.24555	0.06360
2251	0.24587	0.97818
2252	0.24930	0.05736
2253	0.25038	0.08561
2254	0.25038	1.54591
2255	0.25048	0.08130
2256	0.25070	0.08067
2257	0.25134	0.77076
2258	0.25429	0.05086
2259	0.26067	0.08813
2260	0.26067	0.66085
2261	0.25992	0.08139
2262	0.25998	0.04935
2263	0.25998	0.55846
2264	0.26014	0.09582
2265	0.26019	0.22329
2266	0.26057	0.23610
2267	0.26137	0.49184
2268	0.26148	0.87212
2269	0.26148	1.15868
2270	0.26142	0.21620
2271	0.00005	0.00000
2272	0.00005	0.00000
2273	0.00005	0.00000
2274	0.00005	0.00000
2275	0.00005	0.00000
2276	0.00005	0.00000
2277	0.00005	0.00000
2278	0.00005	0.00000
2279	0.00005	0.00000
2280	0.25520	0.04539
2281	0.25531	0.30504
2282	0.25536	0.05230
2283	0.25536	0.05645
2284	0.25536	0.99162
2285	0.25536	0.04537
2286	0.25536	0.05459
2287	0.25536	1.19323
2288	0.25628	0.06652
2289	0.25628	0.05949
2290	0.25628	0.13466
2291	0.25628	0.08343
2292	0.25633	0.08023
2293	0.25633	0.11238
2294	0.25649	0.03590
2295	0.25665	0.07214
2296	0.25676	0.12191
2297	0.25654	0.15064
2298	0.25681	0.07304
2299	0.25703	1.58048
2300	0.00005	0.00000
2301	0.00005	0.00000
2302	0.00005	0.00000
2303	0.00005	0.00000
2304	0.00005	0.00000
2305	0.00005	0.00000
2306	0.00005	0.00000
2307	0.00005	0.00000
2308	0.00005	0.00000
2309	0.00005	0.00000
2310	0.00005	0.00000
2311	0.00005	0.00000
2312	0.00005	0.00000
2313	0.00005	0.00000
2314	0.00005	0.00000
2315	0.00005	0.00000
2316	0.00005	0.00000
2317	0.25703	0.06199
2318	0.25703	0.03339
2319	0.25703	0.75453
2320	0.25772	0.03477
2321	0.25772	0.02723
2322	0.25772	1.42518
2323	0.25772	0.71779
2324	0.26073	0.16618
2325	0.26073	1.60159
2326	0.26100	1.07604
2327	0.26094	0.04862
2328	0.25944	1.27130
2329	0.25955	0.24191
2330	0.25955	0.05778
2331	0.25955	1.31415
2332	0.25992	0.01657
2333	0.26008	0.04931
2334	0.26008	0.09319
2335	0.26008	0.05144
2336	0.26008	0.01853
2337	0.26008	0.64817
2338	0.26008	0.04536
2339	0.26014	0.05031
2340	0.26014	0.63313
2341	0.26089	0.05034
2342	0.26089	0.05369
2343	0.26105	1.43961
2344	0.26110	0.64375
2345	0.26110	0.05199
2346	0.26105	0.66600
2347	0.26454	0.60340
2348	0.26454	0.07501
2349	0.26443	1.52736
2350	0.26443	0.75974
2351	0.26443	0.05374
2352	0.26448	1.23864
2353	0.26448	0.04946
2354	0.26443	0.00950
2355	0.26443	0.76873
2356	0.26464	0.01154
2357	0.26513	0.02769
2358	0.26577	0.79779
2359	0.26572	0.13951
2360	0.26572	0.04526
2361	0.26561	1.05866
2362	0.26561	0.77801
2363	0.26561	0.05799
2364	0.26555	0.35032
2365	0.26534	0.01502
2366	0.26529	0.04532
2367	0.26529	1.12206
2368	0.26518	0.03752
2369	0.26480	0.05036
2370	0.26480	0.47178
2371	0.26459	0.70789
2372	0.26459	0.01227
2373	0.26459	0.97346
2374	0.26459	0.04330
2375	0.00005	0.00000
2376	0.00005	0.00000
2377	0.00005	0.00000
2378	0.00005	0.00000
2379	0.00005	0.00000
2380	0.00005	0.00000
2381	0.27092	0.03891
2382	0.00719	0.64160
2383	0.00719	0.00000
2384	0.00086	0.00000
2385	0.00086	0.00000
2386	0.00086	0.00000
2387	0.00086	0.00000
2388	0.00086	0.00000
2389	0.00086	0.00000
2390	0.00086	0.00000
2391	0.26459	1.49203
2392	0.26459	0.04098
2393	0.26464	0.04052
2394	0.26464	0.62736
2395	0.26534	0.04859
2396	0.26534	0.04809
2397	0.26534	1.45090
2398	0.26534	0.04390
2399	0.26534	0.01502
2400	0.26534	0.85334
2401	0.26534	0.03877
2402	0.26534	0.01290
2403	0.26534	0.81273
2404	0.26518	0.00736
2405	0.26518	0.03879
2406	0.26518	0.17406
2407	0.26518	0.00736
2408	0.26518	0.01225
2409	0.26518	0.74049
2410	0.26518	0.04210
2411	0.26518	0.04045
2412	0.26518	1.26934
2413	0.26518	0.72430
2414	0.26529	0.04432
2415	0.26529	1.34581
2416	0.26529	0.04208
2417	0.26529	0.02401
2418	0.26529	1.75272
2419	0.26529	1.55445
2420	0.26443	0.01016
2421	0.26448	1.09224
2422	0.26454	0.01687
2423	0.26539	0.01013
2424	0.26534	0.71365
2425	0.26534	0.41167
2426	0.26539	0.05291
2427	0.26539	1.33882
2428	0.26539	0.05515
2429	0.26523	0.04321
2430	0.26523	0.75861
2431	0.26523	0.01764
2432	0.26523	0.04975
2433	0.26523	1.62098
2434	0.26523	0.04604
2435	0.26523	0.04669
2436	0.26523	1.40284
2437	0.26523	0.04486
2438	0.26523	0.04209
2439	0.26523	1.59967
2440	0.26523	0.01013
2441	0.26523	0.04723
2442	0.26523	0.96013
2443	0.00005	0.00000
2444	0.00005	0.00000
2445	0.00005	0.00000
2446	0.00005	0.00000
2447	0.00005	0.00000
2448	0.26523	0.01225
2449	0.26523	0.00736
2450	0.26523	0.77156
2451	0.26523	0.01895
2452	0.26523	0.04432
2453	0.26523	1.50705
2454	0.26523	0.04432
2455	0.26523	0.03878
2456	0.26523	1.37694
2457	0.26523	0.06375
2458	0.26523	0.04835
2459	0.26523	1.44147
2460	0.26523	0.04810
2461	0.26523	0.01290
2462	0.26513	1.37926
2463	0.26513	0.12139
2464	0.26513	0.01250
2465	0.26513	0.13400
2466	0.26507	0.02305
2467	0.26507	0.01291
2468	0.26507	0.50059
2469	0.26507	0.00736
2470	0.26507	0.01503
2471	0.26507	0.43448
2472	0.26507	0.01014
2473	0.00086	0.00000
2474	0.00086	0.00000
2475	0.00086	0.00000
2476	0.00086	0.00000
2477	0.00086	0.00000
2478	0.00086	0.00000
2479	0.00086	0.00000
2480	0.00086	0.00000
2481	0.00086	0.00000
2482	0.00086	0.00000
2483	0.00086	0.89604
2484	0.00086	0.00000
2485	0.00086	0.00000
2486	0.00086	0.00000
2487	0.00086	0.00000
2488	0.00086	0.00000
2489	0.00086	0.00000
2490	0.26507	0.01291
2491	0.26507	1.50735
2492	0.26507	0.27015
2493	0.26507	0.04046
2494	0.26507	1.05133
2495	0.26507	0.02365
2496	0.26507	0.01251
2497	0.26496	1.60496
2498	0.26491	0.01292
2499	0.26389	0.00739
2500	0.26389	1.24174
2501	0.26389	0.04784
2502	0.26389	0.05030
2503	0.26389	0.97924
2504	0.26389	0.01018
2505	0.26389	0.01018
2506	0.26389	0.49465
2507	0.26389	0.00739
2508	0.26389	0.04227
2509	0.26389	0.21505
2510	0.26389	0.40041
2511	0.26384	0.00739
2512	0.26389	0.89614
2513	0.26389	0.03895
2514	0.26389	0.04173
2515	0.26389	0.44807
2516	0.26314	0.01020
2517	0.26314	0.01695
2518	0.26314	1.00498
2519	0.00043	0.00000
2520	0.00043	0.00000
2521	0.00043	0.00000
2522	0.26947	0.02207
2523	0.26947	0.05371
2524	0.26952	0.08232
2525	0.26952	0.41456
2526	0.26952	0.20652
2527	0.26952	1.10202
2528	0.26952	0.97191
2529	0.26952	0.05469
2530	0.26952	1.54384
2531	0.26952	0.11091
2532	0.26947	0.19108
2533	0.26947	1.51999
2534	0.00086	0.95443
2535	0.00086	0.00000
2536	0.00086	0.00000
2537	0.00086	0.00000
2538	0.26319	0.57026
2539	0.26319	0.01259
2540	0.26319	1.34378
2541	0.00005	0.00000
2542	0.00005	0.00000
2543	0.00005	0.00000
2544	0.26314	0.13454
2545	0.26314	0.01817
2546	0.26314	0.90222
2547	0.26309	0.03905
2548	0.26105	0.04212
2549	0.26105	1.32346
2550	0.26105	0.25880
2551	0.26105	0.82719
2552	0.26035	0.59991
2553	0.26035	0.02234
2554	0.26035	0.05400
2555	0.26035	0.11607
2556	0.26014	0.28164
2557	0.26014	0.04603
2558	0.26008	1.27641
2559	0.25982	0.23551
2560	0.00005	0.00000
2561	0.25965	0.40301
2562	0.00005	0.00000
2563	0.00005	0.00000
2564	0.00016	0.91830
2565	0.25982	0.93578
2566	0.25982	0.54009
2567	0.25982	0.27226
2568	0.25976	0.69302
2569	0.00011	0.00000
2570	0.00011	0.00000
2571	0.00011	0.00000
2572	0.26614	0.05865
2573	0.26614	0.18788
2574	0.26561	0.99064
2575	0.26561	0.79127
2576	0.26550	0.17986
2577	0.26545	1.63938
2578	0.26062	1.30799
2579	0.25429	0.56508
2580	0.25343	1.61942
2581	0.25343	1.10548
2582	0.25343	0.01055
2583	0.25343	1.41999
2584	0.25338	0.12807
2585	0.25338	0.19578
2586	0.25338	0.27648
2587	0.25338	0.01275
2588	0.25338	0.01302
2589	0.25338	0.32341
2590	0.25338	1.41337
2591	0.25338	0.06925
2592	0.25338	1.50615
2593	0.25311	0.47264
2594	0.25311	0.02589
2595	0.25311	0.68529
2596	0.25247	0.09767
2597	0.25225	0.01597
2598	0.25311	1.24178
2599	0.25316	0.01565
2600	0.25316	0.04036
2601	0.25316	0.82317
2602	0.25316	0.57985
2603	0.25311	0.01812
2604	0.25316	0.63841
2605	0.25316	0.05707
2606	0.24335	0.05732
2607	0.24335	0.99795
2608	0.24324	0.91019
2609	0.24319	0.01350
2610	0.24319	0.66660
2611	0.24313	0.05140
2612	0.24313	0.01842
2613	0.24313	0.94717
2614	0.24313	0.58575
2615	0.24313	0.05061
2616	0.24308	1.42087
2617	0.24308	0.90749
2618	0.24313	0.39487
2619	0.24319	1.17318
2620	0.24319	0.05369
2621	0.24319	0.01350
2622	0.24313	1.45525
2623	0.24319	0.04707
2624	0.24313	0.00794
2625	0.24308	1.61600
2626	0.24292	0.99250
2627	0.24287	0.00856
2628	0.24276	1.36622
2629	0.24276	0.03786
2630	0.24254	0.05885
2631	0.24222	1.54693
2632	0.24222	0.04952
2633	0.24217	0.04942
2634	0.24212	1.17597
2635	0.24201	0.51977
2636	0.24110	0.04961
2637	0.24110	0.99100
2638	0.24029	0.09785
2639	0.23938	0.01341
2640	0.23933	0.48929
2641	0.23917	0.91657
2642	0.23911	0.01172
2643	0.23911	1.32416
2644	0.23906	0.55909
2645	0.23900	0.00868
2646	0.23858	1.39380
2647	0.23858	0.01417
2648	0.23772	0.02052
2649	0.23761	1.04204
2650	0.23761	0.01880
2651	0.23756	0.01350
2652	0.23750	1.55792
2653	0.23745	0.04494
2654	0.23831	0.04933
2655	0.23825	1.48620
2656	0.23825	0.13719
2657	0.23820	0.01985
2658	0.23815	0.62415
2659	0.23809	0.01132
2660	0.23804	0.04616
2661	0.23788	0.66054
2662	0.23766	0.01116
2663	0.23359	0.05576
2664	0.23337	0.62344
2665	0.23289	0.65185
2666	0.23192	0.08235
2667	0.23192	0.83644
2668	0.23166	0.87481
2669	0.23160	0.01455
2670	0.23155	1.44618
2671	0.19331	0.00972
2672	0.19331	0.01885
2673	0.19331	0.68825
2674	0.19416	0.00968
2675	0.19416	0.00968
2676	0.19416	0.84817
2677	0.18939	0.06297
2678	0.18934	0.05545
2679	0.18215	1.62189
2680	0.18204	0.05345
2681	0.18199	0.01412
2682	0.18188	1.01101
2683	0.17866	0.10232
2684	0.17636	0.06529
2685	0.16842	0.80889
2686	0.16745	0.14976
2687	0.16665	0.05830
2688	0.16424	1.25542
2689	0.16386	0.10632
2690	0.16370	0.06477
2691	0.16359	1.34405
2692	0.16220	0.06647
2693	0.16209	0.24315
2694	0.16139	1.60260
2695	0.15796	0.06798
2696	0.15791	0.01930
2697	0.15791	0.98063
2698	0.15791	0.06360
2699	0.15791	0.01490
2700	0.15753	0.59012
2701	0.15753	0.02655
2702	0.15667	0.01943
2703	0.15753	0.97131
2704	0.15748	0.06815
2705	0.15748	0.01935
2706	0.15968	0.39365
2707	0.15968	0.15369
2708	0.15968	0.02095
2709	0.15968	1.47139
2710	0.15968	1.01038
2711	0.15962	0.12166
2712	0.15962	1.00518
2713	0.15962	0.06921
2714	0.15962	0.06921
2715	0.15952	1.30573
2716	0.15640	0.05218
2717	0.15630	0.07045
2718	0.15630	0.75995
2719	0.15630	0.02881
2720	0.15630	0.02579
2721	0.15630	1.17381
2722	0.15630	0.15252
2723	0.15624	0.02135
2724	0.15614	1.58421
2725	0.15619	0.19718
2726	0.15619	0.07049
2727	0.15619	0.82868
2728	0.15614	0.07308
2729	0.15614	0.12689
2730	0.15614	0.62150
2731	0.15528	0.53175
2732	0.15528	0.02146
2733	0.15512	1.48325
2734	0.15512	0.01836
2735	0.15512	0.02283
2736	0.15506	0.35185
2737	0.15286	0.03971
2738	0.15126	0.02334
2739	0.15126	0.72760
2740	0.15126	0.26640
2741	0.15126	0.02848
2742	0.15126	1.52498
2743	0.15126	0.61151
2744	0.15211	0.02834
2745	0.15211	0.86835
2746	0.15211	0.14486
2747	0.15211	0.08281
2748	0.15211	0.63189
2749	0.15201	0.04945
2750	0.15201	0.01540
2751	0.15201	0.71928
2752	0.15174	0.19354
2753	0.15174	0.12600
2754	0.15174	1.00874
2755	0.15088	0.01550
2756	0.15088	0.01550
2757	0.15088	0.07390
2758	0.15088	0.01550
2759	0.15088	0.05522
2760	0.15088	0.99927
2761	0.15088	0.02396
2762	0.15088	0.02008
2763	0.15088	1.62839
2764	0.15083	0.86175
2765	0.15077	0.01207
2766	0.15077	0.26867
2767	0.15077	0.20682
2768	0.15077	0.02010
2769	0.15077	1.67054
2770	0.15050	0.99839
2771	0.15050	0.33782
2772	0.15050	1.43000
2773	0.15050	0.02057
2774	0.15050	0.02878
2775	0.15050	1.05513
2776	0.15050	0.07740
2777	0.15050	0.96276
2778	0.15050	0.85678
2779	0.15050	1.10419
2780	0.15050	0.80408
2781	0.15050	1.50193
2782	0.15050	1.43616
2783	0.15050	0.01669
2784	0.15050	0.55335
2785	0.15050	0.04069
2786	0.14847	0.02037
2787	0.14847	0.31851
2788	0.14847	0.81139
2789	0.14847	0.93533
2790	0.14772	1.33655
2791	0.14766	0.17711
2792	0.14766	0.39543
2793	0.14761	0.81696
2794	0.14718	0.51101
2795	0.14718	0.73721
2796	0.14713	1.27001
2797	0.14713	0.97081
2798	0.14401	0.01735
2799	0.14401	0.96709
2800	0.14396	0.07270
2801	0.14391	0.02497
2802	0.14391	0.44798
2803	0.14385	0.60034
2804	0.14385	0.18872
2805	0.14385	0.51922
2806	0.14380	0.06525
2807	0.14380	0.06799
2808	0.14380	0.08436
2809	0.14375	0.06527
2810	0.14375	0.06527
2811	0.14375	0.90227
2812	0.14369	1.32564
2813	0.14364	0.08946
2814	0.14364	1.34219
2815	0.14364	0.46351
2816	0.14353	0.52020
2817	0.14353	0.95848
2818	0.14353	0.07438
2819	0.14353	0.07015
2820	0.14353	0.30228
2821	0.14353	0.07288
2822	0.14353	0.01740
2823	0.14353	0.81805
2824	0.14353	1.09122
2825	0.14353	0.06737
2826	0.14332	1.11101
2827	0.14332	0.34834
2828	0.14332	0.01621
2829	0.14310	1.40927
2830	0.14289	0.09038
2831	0.14283	0.07043
2832	0.14283	1.17192
2833	0.14278	0.01266
2834	0.14192	0.01273
2835	0.14192	0.75749
2836	0.14273	1.40814
2837	0.14273	0.02533
2838	0.14267	0.55092
2839	0.14262	0.01267
2840	0.14262	0.04058
2841	0.14257	1.42629
2842	0.14257	0.01750
2843	0.14257	0.01750
2844	0.14257	0.88075
2845	0.14257	0.01750
2846	0.14214	0.06589
2847	0.14208	0.97345
2848	0.14139	0.02611
2849	0.14112	0.03271
2850	0.14112	1.52314
2851	0.14074	0.01770
2852	0.14064	0.01771
2853	0.14047	0.14560
2854	0.14037	0.07427
2855	0.14037	0.08245
2856	0.14021	0.48603
2857	0.14021	0.19931
2858	0.13935	0.01293
2859	0.13935	0.98799
2860	0.13935	0.97321
2861	0.13758	0.02177
2862	0.13758	1.23471
2863	0.13758	0.01805
2864	0.13758	0.01805
2865	0.13752	1.42354
2866	0.13752	1.01047
2867	0.13651	0.01818
2868	0.13651	1.29224
2869	0.13736	0.02619
2870	0.13736	0.10012
2871	0.13736	1.03185
2872	0.13736	0.06782
2873	0.13736	0.07280
2874	0.13495	1.70314
2875	0.13356	0.01342
2876	0.13356	0.06944
2877	0.13350	0.63751
2878	0.13345	0.06949
2879	0.13345	0.06949
2880	0.13345	1.59222
2881	0.13345	0.08131
2882	0.13345	0.06949
2883	0.13345	1.55534
2884	0.13345	0.06549
2885	0.13345	0.07126
2886	0.13345	0.87022
2887	0.13345	0.01454
2888	0.13345	0.01724
2889	0.13345	1.01184
2890	0.13345	0.19944
2891	0.13334	0.08006
2892	0.13334	1.43278
2893	0.13334	0.07495
2894	0.13334	0.06553
2895	0.13334	0.83602
2896	0.13334	0.06122
2897	0.13334	0.07846
2898	0.13334	1.02681
2899	0.13334	0.07579
2900	0.13334	0.06553
2901	0.13334	1.69441
2902	0.13334	0.06122
2903	0.13334	0.00000
2904	0.13334	0.38073
2905	0.13334	0.77935
2906	0.13334	0.88447
2907	0.13334	1.46754
2908	0.13334	0.00000
2909	0.13329	0.55695
2910	0.13329	0.91050
2911	0.13329	0.95983
2912	0.13254	0.00948
2913	0.13254	1.09475
2914	0.13254	1.85343
2915	0.13254	1.58231
2916	0.13254	1.32728
2917	0.13254	0.00514
2918	0.13254	0.05931
2919	0.13254	0.06787
2920	0.13254	0.00000
2921	0.13254	0.06586
2922	0.13254	0.65112
2923	0.13254	0.00514
2924	0.00086	0.00000
2925	0.00086	0.00000
2926	0.00086	0.00000
2927	0.00086	0.00000
2928	0.13254	0.00000
2929	0.13254	1.09645
2930	0.13254	0.14557
2931	0.13259	0.00514
2932	0.13259	1.00517
2933	0.13259	0.05637
2934	0.13259	0.00514
2935	0.13259	1.57209
2936	0.13259	0.08251
2937	0.13259	0.00000
2938	0.13259	1.25949
2939	0.13259	0.05891
2940	0.13254	0.01543
2941	0.13254	1.53340
2942	0.13254	0.06586
2943	0.13254	0.06445
2944	0.13254	1.36680
2945	0.13254	0.06445
2946	0.13254	0.05639
2947	0.13254	1.51698
2948	0.13254	1.58187
2949	0.13254	0.01351
2950	0.13254	1.27063
2951	0.13254	0.12470
2952	0.13254	0.05254
2953	0.13254	1.11745
2954	0.13254	0.01462
2955	0.13254	0.00514
2956	0.13254	1.35764
2957	0.13254	0.22874
2958	0.13189	0.14331
2959	0.13189	1.26752
2960	0.13404	1.44989
2961	0.13404	0.10136
2962	0.13404	1.27193
2963	0.13404	0.06524
2964	0.13468	0.08833
2965	0.13468	1.35244
2966	0.13468	1.59387
2967	0.13463	0.01442
2968	0.13484	1.55513
2969	0.13484	1.01076
2970	0.13484	1.11345
2971	0.13484	1.20607
2972	0.00150	0.98523
2973	0.00150	0.98523
2974	0.00150	0.67694
2975	0.00150	0.98523
2976	0.00150	0.00000
2977	0.00150	0.00000
2978	0.13484	1.19407
2979	0.13484	0.20309
2980	0.13479	1.34462
2981	0.13479	1.54613
2982	0.13479	0.06415
2983	0.13479	1.35524
2984	0.13479	0.33033
2985	0.13479	0.06633
2986	0.13479	0.86079
2987	0.13479	0.06067
2988	0.13436	0.51941
2989	0.13436	0.40461
2990	0.13436	1.29161
2991	0.13436	0.86030
2992	0.13436	0.97203
2993	0.13436	0.15700
2994	0.13436	0.10227
2995	0.13436	0.91184
2996	0.13307	0.00000
2997	0.13307	0.00000
2998	0.13221	0.29792
2999	0.13195	0.01033
3000	0.13195	0.00000
3001	0.13195	0.96926
3002	0.13189	0.67138
3003	0.13189	0.26717
3004	0.13189	1.62557
3005	0.13189	1.20210
3006	0.13189	0.01033
3007	0.13189	1.50728
3008	0.13189	1.51594
3009	0.13275	0.79982
3010	0.13275	1.43806
3011	0.13275	0.88864
3012	0.13275	0.44053
3013	0.13275	1.46355
3014	0.13275	0.01349
3015	0.13275	0.00947
3016	0.13275	0.14747
3017	0.13275	0.09451
3018	0.13275	0.14810
3019	0.13275	1.14670
3020	0.13275	0.63192
3021	0.13189	0.78718
3022	0.13189	0.47200
3023	0.13189	0.63577
3024	0.13189	0.20893
3025	0.13066	0.80948
3026	0.13066	0.34918
3027	0.13066	0.00000
3028	0.13066	0.70737
3029	0.13152	0.44266
3030	0.13152	0.51799
3031	0.13146	0.83438
3032	0.13146	1.21399
3033	0.13146	0.10732
3034	0.13141	0.64547
3035	0.13136	0.01037
3036	0.13136	0.07590
3037	0.13136	0.70111
3038	0.13103	0.16633
3039	0.13087	0.45021
3040	0.13082	0.96273
3041	0.13066	1.24790
3042	0.13061	0.34343
3043	0.13044	0.76652
3044	0.13034	0.86341
3045	0.13023	0.95429
3046	0.13018	1.06378
3047	0.12943	1.07415
3048	0.12943	0.02872
3049	0.12937	1.51895
3050	0.12530	0.02077
3051	0.12530	0.01419
3052	0.12503	1.69182
3053	0.12492	1.25778
3054	0.12218	0.06587
3055	0.12218	0.64821
3056	0.12192	0.02040
3057	0.11923	0.06723
3058	0.11923	0.28789
3059	0.00086	0.00000
3060	0.00086	0.00000
3061	0.11703	0.01505
3062	0.11698	0.01632
3063	0.11693	0.15836
3064	0.11682	1.49373
3065	0.11666	1.08682
3066	0.11655	1.04659
3067	0.11650	0.19409
3068	0.11650	0.82268
3069	0.11575	1.28902
3070	0.11569	1.31199
3071	0.11569	1.77965
3072	0.00021	1.00000
3073	0.00021	0.00000
3074	0.00021	0.00000
3075	0.11564	1.75969
3076	0.11564	0.25266
3077	0.11559	0.94432
3078	0.11559	1.27252
3079	0.11494	0.04643
3080	0.11494	0.04643
3081	0.11489	1.55438
3082	0.11301	0.10444
3083	0.11301	0.02411
3084	0.09054	1.53165
3085	0.09048	1.52584
3086	0.09048	0.38266
3087	0.09043	1.18942
3088	0.09032	0.04296
3089	0.09022	0.24371
3090	0.08989	0.80493
3091	0.08984	0.05549
3092	0.00011	0.00000
3093	0.00011	0.00000
3094	0.00011	0.00000
3095	0.00011	0.00000
3096	0.00011	0.00000
3097	0.00011	0.00000
3098	0.00011	0.00000
3099	0.00011	0.00000
3100	0.00011	0.00000
3101	0.00011	0.00000
3102	0.00011	0.00000
3103	0.00011	0.00000
3104	0.00011	0.00000
3105	0.00011	0.00000
3106	0.00011	0.00000
3107	0.00011	0.00000
3108	0.00011	0.00000
3109	0.00011	0.00000
3110	0.00011	0.00000
3111	0.00011	0.00000
3112	0.00011	0.00000
3113	0.00011	0.00000
3114	0.00011	0.00000
3115	0.00011	0.00000
3116	0.00011	0.00000
3117	0.00011	0.00000
3118	0.00011	0.00000
3119	0.00011	0.00000
3120	0.00011	0.00000
3121	0.00011	0.00000
3122	0.00011	0.00000
3123	0.00011	0.00000
3124	0.00011	0.00000
3125	0.00011	0.00000
3126	0.00011	0.00000
3127	0.00011	0.00000
3128	0.00011	0.00000
3129	0.00011	0.00000
3130	0.00011	0.00000
3131	0.00011	0.00000
3132	0.00011	0.00000
3133	0.00011	0.00000
3134	0.00011	0.00000
3135	0.00011	0.00000
3136	0.00011	0.00000
3137	0.00011	0.00000
3138	0.00011	0.00000
3139	0.00011	0.00000
3140	0.00011	0.00000
3141	0.00011	0.00000
3142	0.00011	0.00000
3143	0.00011	0.00000
3144	0.00011	0.00000
3145	0.00011	0.00000
3146	0.00011	0.00000
3147	0.00011	0.00000
3148	0.00011	0.00000
3149	0.00011	0.00000
3150	0.00011	0.00000
3151	0.00011	0.00000
3152	0.00011	0.00000
3153	0.00011	0.00000
3154	0.00011	0.00000
3155	0.00011	0.00000
3156	0.00011	0.00000
3157	0.00011	0.00000
3158	0.00011	0.00000
3159	0.00011	0.00000
3160	0.00011	0.00000
3161	0.00011	0.00000
3162	0.00011	0.00000
3163	0.00011	0.00000
3164	0.00011	0.00000
3165	0.00011	0.00000
3166	0.00011	0.00000
3167	0.00011	0.00000
3168	0.00011	0.00000
3169	0.00011	0.00000
3170	0.00011	0.00000
3171	0.00011	0.00000
3172	0.00011	0.00000
3173	0.00011	0.00000
3174	0.00011	0.00000
3175	0.00011	0.00000
3176	0.00011	0.00000
3177	0.00011	0.00000
3178	0.00011	0.00000
3179	0.00011	0.00000
3180	0.00011	0.00000
3181	0.00011	0.00000
3182	0.00011	0.00000
3183	0.00011	0.00000
3184	0.00011	0.00000
3185	0.00011	0.00000
3186	0.00011	0.00000
3187	0.00011	0.00000
3188	0.00011	0.00000
3189	0.00011	0.00000
3190	0.00011	0.00000
3191	0.00011	0.00000
3192	0.00011	0.00000
3193	0.00011	0.00000
3194	0.00011	0.00000
3195	0.00011	0.00000
3196	0.00011	0.00000
3197	0.00011	0.00000
3198	0.00011	0.00000
3199	0.00011	0.00000
3200	0.00011	0.00000
3201	0.00011	0.00000
3202	0.00011	0.00000
3203	0.00011	0.00000
3204	0.00011	0.00000
3205	0.00011	0.00000
3206	0.00011	0.00000
3207	0.00011	0.00000
3208	0.00011	0.00000
3209	0.00011	0.00000
3210	0.00011	0.00000
3211	0.00011	0.00000
3212	0.00011	0.00000
3213	0.00011	0.00000
3214	0.00011	0.00000
3215	0.00011	0.00000
3216	0.00011	0.00000
3217	0.00011	0.00000
3218	0.00011	0.00000
3219	0.00011	0.00000
3220	0.00011	0.00000
3221	0.00011	0.00000
3222	0.00011	0.00000
3223	0.00011	0.00000
3224	0.00011	0.00000
3225	0.00011	0.00000
3226	0.00011	0.00000
3227	0.00011	0.00000
3228	0.00011	0.00000
3229	0.00011	0.00000
3230	0.00011	0.00000
3231	0.00011	0.00000
3232	0.00011	0.00000
3233	0.00011	0.00000
3234	0.00011	0.00000
3235	0.00011	0.00000
3236	0.00011	0.00000
3237	0.00011	0.00000
3238	0.00011	0.00000
3239	0.00011	0.00000
3240	0.00011	0.00000
3241	0.00011	0.00000
3242	0.00011	0.00000
3243	0.00011	0.00000
3244	0.00011	0.00000
3245	0.00011	0.00000
3246	0.00011	0.00000
3247	0.00011	0.00000
3248	0.00011	0.00000
3249	0.00011	0.00000
3250	0.00011	0.00000
3251	0.00011	0.00000
3252	0.00011	0.00000
3253	0.00011	0.00000
3254	0.00011	0.00000
3255	0.00011	0.00000
3256	0.00011	0.00000
3257	0.00011	0.00000
3258	0.00011	0.00000
3259	0.00011	0.00000
3260	0.00011	0.00000
3261	0.00011	0.00000
3262	0.00011	0.00000
3263	0.00011	0.00000
3264	0.00011	0.00000
3265	0.00011	0.00000
3266	0.00011	0.00000
3267	0.00011	0.00000
3268	0.00011	0.00000
3269	0.00011	0.00000
3270	0.00011	0.00000
3271	0.00011	0.00000
3272	0.00011	0.00000
3273	0.00011	0.00000
3274	0.00011	0.00000
3275	0.00011	0.00000
3276	0.00011	0.00000
3277	0.00011	0.00000
3278	0.00011	0.00000
3279	0.00011	0.00000
3280	0.00011	0.00000
3281	0.00011	0.00000
3282	0.00011	0.00000
3283	0.00011	0.00000
3284	0.00011	0.00000
3285	0.00011	0.00000
3286	0.00011	0.00000
3287	0.00011	0.00000
3288	0.00011	0.00000
3289	0.00011	0.00000
3290	0.00011	0.00000
3291	0.00011	0.00000
3292	0.00011	0.00000
3293	0.00011	0.00000
3294	0.00011	0.00000
3295	0.00011	0.00000
3296	0.00011	0.00000
3297	0.00011	0.00000
3298	0.00011	0.00000
3299	0.00011	0.00000
3300	0.00011	0.00000
3301	0.00011	0.00000
3302	0.00011	0.00000
3303	0.00011	0.00000
3304	0.00011	0.00000
3305	0.00011	0.00000
3306	0.00011	0.00000
3307	0.00011	0.00000
3308	0.00011	0.00000
3309	0.00011	0.00000
3310	0.00011	0.00000
3311	0.00011	0.00000
3312	0.00011	0.00000
3313	0.00011	0.00000
3314	0.00011	0.00000
3315	0.00011	0.00000
3316	0.00011	0.00000
3317	0.00011	0.00000
3318	0.00011	0.00000
3319	0.00011	0.00000
3320	0.00011	0.00000
3321	0.00011	0.00000
3322	0.00011	0.00000
3323	0.00011	0.00000
3324	0.00011	0.00000
3325	0.00011	0.00000
3326	0.00011	0.00000
3327	0.00011	0.00000
3328	0.00011	0.00000
3329	0.00011	0.00000
3330	0.00011	0.00000
3331	0.00011	0.00000
3332	0.00011	0.00000
3333	0.00011	0.00000
3334	0.00011	0.00000
3335	0.00011	0.00000
3336	0.00011	0.00000
3337	0.00011	0.00000
3338	0.00011	0.00000
3339	0.00011	0.00000
3340	0.00011	0.00000
3341	0.00011	0.00000
3342	0.00011	0.00000
3343	0.00011	0.00000
3344	0.00011	0.00000
3345	0.00011	0.00000
3346	0.00011	0.00000
3347	0.00011	0.00000
3348	0.00011	0.00000
3349	0.00011	0.00000
3350	0.00011	0.00000
3351	0.00011	0.00000
3352	0.00011	0.00000
3353	0.00011	0.00000
3354	0.00011	0.00000
3355	0.00011	0.00000
3356	0.00011	0.00000
3357	0.00011	0.00000
3358	0.00011	0.00000
3359	0.00011	0.00000
3360	0.00011	0.00000
3361	0.00011	0.00000
3362	0.00011	0.00000
3363	0.00011	0.00000
3364	0.00011	0.00000
3365	0.00011	0.00000
3366	0.00011	0.00000
3367	0.00011	0.00000
3368	0.00011	0.00000
3369	0.00011	0.00000
3370	0.00011	0.00000
3371	0.00011	0.00000
3372	0.00011	0.00000
3373	0.00011	0.00000
3374	0.00011	0.00000
3375	0.00011	0.00000
3376	0.00011	0.00000
3377	0.00011	0.00000
3378	0.00011	0.00000
3379	0.00011	0.00000
3380	0.00011	0.00000
3381	0.00011	0.00000
3382	0.00011	0.00000
3383	0.00011	0.00000
3384	0.00011	0.00000
3385	0.00011	0.00000
3386	0.00011	0.00000
3387	0.00011	0.00000
3388	0.00011	0.00000
3389	0.00011	0.00000
3390	0.00011	0.00000
3391	0.00011	0.00000
3392	0.00011	0.00000
3393	0.00011	0.00000
3394	0.00011	0.00000
3395	0.00011	0.00000
3396	0.00011	0.00000
3397	0.00011	0.00000
3398	0.00011	0.00000
3399	0.00011	0.00000
3400	0.00011	0.00000
3401	0.00011	0.00000
3402	0.00011	0.00000
3403	0.00011	0.00000
3404	0.00011	0.00000
3405	0.00011	0.00000
3406	0.00011	0.00000
3407	0.00011	0.00000
3408	0.00011	0.00000
3409	0.00011	0.00000
3410	0.00011	0.00000
3411	0.00011	0.00000
3412	0.00011	0.00000
3413	0.00011	0.00000
3414	0.00011	0.00000
3415	0.00011	0.00000
3416	0.00011	0.00000
3417	0.00011	0.00000
3418	0.00011	0.00000
3419	0.00011	0.00000
3420	0.00011	0.00000
3421	0.00011	0.00000
3422	0.00011	0.00000
3423	0.00011	0.00000
3424	0.00011	0.00000
3425	0.00011	0.00000
3426	0.00011	0.00000
3427	0.00011	0.00000
3428	0.00011	0.00000
3429	0.00011	0.00000
3430	0.00011	0.00000
3431	0.00011	0.00000
3432	0.00011	0.00000
3433	0.00011	0.00000
3434	0.00011	0.00000
3435	0.00011	0.00000
3436	0.00011	0.00000
3437	0.00011	0.00000
3438	0.00011	0.00000
3439	0.00011	0.00000
3440	0.00011	0.00000
3441	0.00011	0.00000
3442	0.00011	0.00000
3443	0.00011	0.00000
3444	0.00011	0.00000
3445	0.00011	0.00000
3446	0.00011	0.00000
3447	0.00011	0.00000
3448	0.00011	0.00000
3449	0.00011	0.00000
3450	0.00011	0.00000
3451	0.00011	0.00000
3452	0.00011	0.00000
3453	0.00011	0.00000
3454	0.00011	0.00000
3455	0.00011	0.00000
3456	0.00011	0.00000
3457	0.00011	0.00000
3458	0.00011	0.00000
3459	0.00011	0.00000
3460	0.00011	0.00000
3461	0.00011	0.00000
3462	0.00011	0.00000
3463	0.00011	0.00000
3464	0.00011	0.00000
3465	0.00011	0.00000
3466	0.00011	0.00000
3467	0.00011	0.00000
3468	0.00011	0.00000
3469	0.00011	0.00000
3470	0.00011	0.00000
3471	0.00011	0.00000
3472	0.00011	0.00000
3473	0.00011	0.00000
3474	0.00011	0.00000
3475	0.00011	0.00000
3476	0.00011	0.00000
3477	0.00011	0.00000
3478	0.00011	0.00000
3479	0.00011	0.00000
3480	0.00011	0.00000
3481	0.00011	0.00000
3482	0.00011	0.00000
3483	0.00011	0.00000
3484	0.00011	0.00000
3485	0.00011	0.00000
3486	0.00011	0.00000
3487	0.00011	0.00000
3488	0.00005	0.00000
3489	0.00005	0.00000
3490	0.00005	0.00000
3491	0.00005	0.00000
3492	0.00005	0.00000
3493	0.00005	0.00000
3494	0.00005	0.00000
3495	0.00005	0.00000
3496	0.00005	0.00000
3497	0.00005	0.00000
3498	0.00005	0.00000
3499	0.00005	0.00000
3500	0.00005	0.00000
3501	0.00005	0.00000
3502	0.00005	0.00000
3503	0.00005	0.00000
3504	0.00005	0.00000
3505	0.00005	0.00000
3506	0.00005	0.00000
3507	0.00005	0.00000
3508	0.00005	0.00000
3509	0.00005	0.00000
3510	0.00005	0.00000
3511	0.00005	0.00000
3512	0.00005	0.00000
3513	0.00005	0.00000
3514	0.00005	0.00000
3515	0.00005	0.00000
3516	0.00005	0.00000
3517	0.00005	0.00000
3518	0.00005	0.00000
3519	0.00005	0.00000
3520	0.00005	0.00000
3521	0.00005	0.00000
3522	0.00005	0.00000
3523	0.00005	0.00000
3524	0.00005	0.00000
3525	0.00005	0.00000
3526	0.00005	0.00000
3527	0.00005	0.00000
3528	0.00005	0.00000
3529	0.00005	0.00000
3530	0.00005	0.00000
3531	0.00005	0.00000
3532	0.00005	0.00000
3533	0.00005	0.00000
3534	0.00005	0.00000
3535	0.00005	0.00000
3536	0.00005	0.00000
3537	0.00005	0.00000
3538	0.00005	0.00000
3539	0.00005	0.00000
3540	0.00005	0.00000
3541	0.00005	0.00000
3542	0.00005	0.00000
3543	0.00005	0.00000
3544	0.00005	0.00000
3545	0.00005	0.00000
3546	0.00005	0.00000
3547	0.00005	0.00000
3548	0.00005	0.00000
3549	0.00005	0.00000
3550	0.00005	0.00000
3551	0.00005	0.00000
3552	0.00005	0.00000
3553	0.00005	0.00000
3554	0.00005	0.00000
3555	0.00005	0.00000
3556	0.00005	0.00000
3557	0.00005	0.00000
3558	0.00005	0.00000
3559	0.00005	0.00000
3560	0.00005	0.00000
3561	0.00005	0.00000
3562	0.00005	0.00000
3563	0.00005	0.00000
3564	0.00005	0.00000
3565	0.00005	0.00000
3566	0.00005	0.00000
3567	0.00005	0.00000
3568	0.00005	0.00000
3569	0.00005	0.00000
3570	0.00005	0.00000
3571	0.00005	0.00000
3572	0.00005	0.00000
3573	0.00005	0.00000
3574	0.00005	0.00000
3575	0.00005	0.00000
3576	0.00005	0.00000
3577	0.00005	0.00000
3578	0.00005	0.00000
3579	0.00005	0.00000
3580	0.00005	0.00000
3581	0.00005	0.00000
3582	0.00005	0.00000
3583	0.00005	0.00000
3584	0.00005	0.00000
3585	0.00005	0.00000
3586	0.00005	0.00000
3587	0.00005	0.00000
3588	0.00005	0.00000
3589	0.00005	0.00000
3590	0.00005	0.00000
3591	0.00005	0.00000
3592	0.00005	0.00000
3593	0.00005	0.00000
3594	0.00005	0.00000
3595	0.00005	0.00000
3596	0.00005	0.00000
3597	0.00005	0.00000
3598	0.00005	0.00000
3599	0.00005	0.00000
3600	0.00005	0.00000
3601	0.00005	0.00000
3602	0.00005	0.00000
3603	0.00005	0.00000
3604	0.00005	0.00000
3605	0.00005	0.00000
3606	0.00005	0.00000
3607	0.00005	0.00000
3608	0.00005	0.00000
3609	0.00005	0.00000
3610	0.00005	0.00000
3611	0.00005	0.00000
3612	0.00005	0.00000
3613	0.00005	0.00000
3614	0.00005	0.00000
3615	0.00005	0.00000
3616	0.00005	0.00000
3617	0.00005	0.00000
3618	0.00005	0.00000
3619	0.00005	0.00000
3620	0.00005	0.00000
3621	0.00005	0.00000
3622	0.00005	0.00000
3623	0.00005	0.00000
3624	0.00005	0.00000
3625	0.00005	0.00000
3626	0.00005	0.00000
3627	0.00005	0.00000
3628	0.00005	0.00000
3629	0.00005	0.00000
3630	0.00005	0.00000
3631	0.00005	0.00000
3632	0.00005	0.00000
3633	0.00005	0.00000
3634	0.00005	0.00000
3635	0.00005	0.00000
3636	0.00005	0.00000
3637	0.00005	0.00000
3638	0.00005	0.00000
3639	0.00005	0.00000
3640	0.00005	0.00000
3641	0.00005	0.00000
3642	0.00005	0.00000
3643	0.00005	0.00000
3644	0.00005	0.00000
3645	0.00005	0.00000
3646	0.00005	0.00000
3647	0.00005	0.00000
3648	0.00005	0.00000
3649	0.00005	0.00000
3650	0.00005	0.00000
3651	0.00005	0.00000
3652	0.00005	0.00000
3653	0.00005	0.00000
3654	0.00005	0.00000
3655	0.00005	0.00000
3656	0.00005	0.00000
3657	0.00005	0.00000
3658	0.00005	0.00000
3659	0.00005	0.00000
3660	0.00005	0.00000
3661	0.00005	0.00000
3662	0.00005	0.00000
3663	0.00005	0.00000
3664	0.00005	0.00000
3665	0.00005	0.00000
3666	0.00005	0.00000
3667	0.00005	0.00000
3668	0.00005	0.00000
3669	0.00005	0.00000
3670	0.00005	0.00000
3671	0.00005	0.00000
3672	0.00005	0.00000
3673	0.00005	0.00000
3674	0.00005	0.00000
3675	0.00005	0.00000
3676	0.00005	0.00000
3677	0.00005	0.00000
3678	0.00005	0.00000
3679	0.00005	0.00000
3680	0.00005	0.00000
3681	0.00005	0.00000
3682	0.00005	0.00000
3683	0.00005	0.00000
3684	0.00005	0.00000
3685	0.00005	0.00000
3686	0.00005	0.00000
3687	0.00005	0.00000
3688	0.00005	0.00000
3689	0.00005	0.00000
3690	0.00005	0.00000
3691	0.00005	0.00000
3692	0.00005	0.00000
3693	0.00005	0.00000
3694	0.00005	0.00000
3695	0.00005	0.00000
3696	0.00005	0.00000
3697	0.00005	0.00000
3698	0.00005	0.00000
3699	0.00005	0.00000
3700	0.00005	0.00000
3701	0.00005	0.00000
3702	0.00005	0.00000
3703	0.00005	0.00000
3704	0.00005	0.00000
3705	0.00005	0.00000
3706	0.00005	0.00000
3707	0.00005	0.00000
3708	0.00005	0.00000
3709	0.00005	0.00000
3710	0.00005	0.00000
3711	0.00005	0.00000
3712	0.00005	0.00000
3713	0.00005	0.00000
3714	0.00005	0.00000
3715	0.00005	0.00000
3716	0.00005	0.00000
3717	0.00005	0.00000
3718	0.00005	0.00000
3719	0.00005	0.00000
3720	0.00005	0.00000
3721	0.00005	0.00000
3722	0.00005	0.00000
3723	0.00005	0.00000
3724	0.00005	0.00000
3725	0.00005	0.00000
3726	0.00005	0.00000
3727	0.00005	0.00000
3728	0.00005	0.00000
3729	0.00005	0.00000
3730	0.00005	0.00000
3731	0.00005	0.00000
3732	0.00005	0.00000
3733	0.00005	0.00000
3734	0.00005	0.00000
3735	0.00005	0.00000
3736	0.00005	0.00000
3737	0.00005	0.00000
3738	0.00005	0.00000
3739	0.00005	0.00000
3740	0.00005	0.00000
3741	0.00005	0.00000
3742	0.00005	0.00000
3743	0.00005	0.00000
3744	0.00005	0.00000
3745	0.00005	0.00000
3746	0.00005	0.00000
3747	0.00005	0.00000
3748	0.00005	0.00000
3749	0.00005	0.00000
3750	0.00005	0.00000
3751	0.00005	0.00000
3752	0.00005	0.00000
3753	0.00005	0.00000
3754	0.00005	0.00000
3755	0.00005	0.00000
3756	0.00005	0.00000
3757	0.00005	0.00000
3758	0.00005	0.00000
3759	0.00005	0.00000
3760	0.00005	0.00000
3761	0.00005	0.00000
3762	0.00005	0.00000
3763	0.00005	0.00000
3764	0.00005	0.00000
3765	0.00005	0.00000
3766	0.00005	0.00000
3767	0.00005	0.00000
3768	0.00005	0.00000
3769	0.00005	0.00000
3770	0.00005	0.00000
3771	0.00005	0.00000
3772	0.00005	0.00000
3773	0.00005	0.00000
3774	0.00005	0.00000
3775	0.00005	0.00000
3776	0.00005	0.00000
3777	0.00005	0.00000
3778	0.00005	0.00000
3779	0.00005	0.00000
3780	0.00005	0.00000
3781	0.00005	0.00000
3782	0.00005	0.00000
3783	0.00005	0.00000
3784	0.00005	0.00000
3785	0.00005	0.00000
3786	0.00005	0.00000
3787	0.00005	0.00000
3788	0.00005	0.00000
3789	0.00005	0.00000
3790	0.00005	0.00000
3791	0.00005	0.00000
3792	0.00005	0.00000
3793	0.00005	0.00000
3794	0.00005	0.00000
3795	0.00005	0.00000
3796	0.00005	0.00000
3797	0.00005	0.00000
3798	0.00005	0.00000
3799	0.00005	0.00000
3800	0.00005	0.00000
3801	0.00005	0.00000
3802	0.00005	0.00000
3803	0.00005	0.00000
3804	0.00005	0.00000
3805	0.00005	0.00000
3806	0.00005	0.00000
3807	0.00005	0.00000
3808	0.00005	0.00000
3809	0.00005	0.00000
3810	0.00005	0.00000
3811	0.00005	0.00000
3812	0.00005	0.00000
3813	0.00005	0.00000
3814	0.00005	0.00000
3815	0.00005	0.00000
3816	0.00005	0.00000
3817	0.00005	0.00000
3818	0.00005	0.00000
3819	0.00005	0.00000
3820	0.00005	0.00000
3821	0.00005	0.00000
3822	0.00005	0.00000
3823	0.00005	0.00000
3824	0.00005	0.00000
3825	0.00005	0.00000
3826	0.00005	0.00000
3827	0.00005	0.00000
3828	0.00005	0.00000
3829	0.00005	0.00000
3830	0.00005	0.00000
3831	0.00005	0.00000
3832	0.00005	0.00000
3833	0.00005	0.00000
3834	0.00005	0.00000
3835	0.00005	0.00000
3836	0.00005	0.00000
3837	0.00005	0.00000
3838	0.00005	0.00000
3839	0.00005	0.00000
3840	0.00005	0.00000
3841	0.00005	0.00000
3842	0.00005	0.00000
3843	0.00005	0.00000
3844	0.00005	0.00000
3845	0.00005	0.00000
3846	0.00005	0.00000
3847	0.00005	0.00000
3848	0.00005	0.00000
3849	0.00005	0.00000
3850	0.00005	0.00000
3851	0.00005	0.00000
3852	0.00005	0.00000
3853	0.00005	0.00000
3854	0.00005	0.00000
3855	0.00005	0.00000
3856	0.00005	0.00000
3857	0.00005	0.00000
3858	0.00005	0.00000
3859	0.00005	0.00000
3860	0.00005	0.00000
3861	0.00005	0.00000
3862	0.00005	0.00000
3863	0.00005	0.00000
3864	0.00005	0.00000
3865	0.00005	0.00000
3866	0.00005	0.00000
3867	0.00005	0.00000
3868	0.00005	0.00000
3869	0.00005	0.00000
3870	0.00005	0.00000
3871	0.00005	0.00000
3872	0.00005	0.00000
3873	0.00005	0.00000
3874	0.00005	0.00000
3875	0.00005	0.00000
3876	0.00005	0.00000
3877	0.00005	0.00000
3878	0.00005	0.00000
3879	0.00005	0.00000
3880	0.00005	0.00000
3881	0.00005	0.00000
3882	0.00005	0.00000
3883	0.00005	0.00000
3884	0.00005	0.00000
3885	0.00005	0.00000
3886	0.00005	0.00000
3887	0.00005	0.00000
3888	0.00005	0.00000
3889	0.00005	0.00000
3890	0.00005	0.00000
3891	0.00005	0.00000
3892	0.00005	0.00000
3893	0.00005	0.00000
3894	0.08941	0.00729
3895	0.08941	0.90167
3896	0.08936	0.26198
3897	0.08930	0.31210
3898	0.08759	1.14424
3899	0.08630	0.01503
3900	0.08630	0.72700
3901	0.08625	0.37128
3902	0.08619	0.13084
3903	0.08609	0.46126
3904	0.08603	0.82809
3905	0.08603	0.00754
3906	0.08593	0.01967
3907	0.08603	0.05464
3908	0.08587	0.60758
3909	0.08587	0.34805
3910	0.08571	1.12538
3911	0.08576	0.03356
3912	0.08576	0.01512
3913	0.08566	1.59782
3914	0.08560	1.27924
3915	0.08560	0.26227
3916	0.08560	0.75189
3917	0.08560	0.06795
3918	0.08539	0.14899
3919	0.00016	0.00000
3920	0.00016	0.00000
3921	0.00016	0.00000
3922	0.08534	0.84400
3923	0.07906	0.32114
3924	0.06018	1.23198
3925	0.05820	0.97643
3926	0.03170	0.51647
3927	0.03170	0.66860
3928	0.03165	0.04606
3929	0.00842	1.31881
3930	0.00392	0.00000
3931	0.00322	0.00000
3932	0.00059	0.43950
3933	0.00059	0.43950
3934	0.00059	0.00000
3935	0.00059	0.43950
3936	0.00070	0.77935
3937	0.00075	0.37123
3938	0.00075	0.00000
3939	0.00075	0.37123
3940	0.00075	0.00000
3941	0.00070	0.39124
3942	0.00070	0.00000
3943	0.00075	0.00000
3944	0.00075	0.00000
3945	0.00075	0.00000
3946	0.00075	0.00000
3947	0.00070	0.00000
3948	0.00070	0.00000
3949	0.00070	0.61938
3950	0.00070	0.00000
3951	0.00070	0.61938
3952	0.00070	0.00000
3953	0.00070	0.61938
3954	0.00070	0.00000
3955	0.00075	0.00000
3956	0.00075	0.00000
3957	0.00075	0.00000
3958	0.00075	0.37123
3959	0.00075	0.37123
3960	0.00075	0.00000
3961	0.00510	0.00000
3962	0.00510	0.00000
3963	0.00510	0.00000
3964	0.00510	0.00000
3965	0.00510	0.00000
3966	0.00510	0.00000
3967	0.00510	0.00000
3968	0.00510	0.00000
3969	0.00510	0.00000
3970	0.00510	0.00000
3971	0.00510	0.60322
3972	0.00510	0.00000
3973	0.00510	0.00000
3974	0.00510	0.00000
3975	0.00510	0.00000
3976	0.00510	0.00000
3977	0.00510	0.08426
3978	0.00510	0.00000
3979	0.00477	0.08888
3980	0.00477	0.62782
3981	0.00472	0.00000
3982	0.00472	0.15649
3983	0.00472	0.08970
3984	0.00472	0.00000
3985	0.00467	0.09054
3986	0.00467	0.00000
3987	0.00461	0.09140
3988	0.00461	0.09140
3989	0.00456	0.16082
3990	0.00451	0.16233
3991	0.00445	0.00000
3992	0.00445	0.65466
3993	0.00413	0.68404
3994	0.00413	0.00000
3995	0.00402	0.10216
3996	0.00402	1.08049
3997	0.00402	0.00000
3998	0.00402	0.79260
3999	0.00402	0.00000
4000	0.00402	0.00000
4001	0.00402	0.00000
4002	0.00386	0.00000
4003	0.00386	0.00000
4004	0.00311	0.00000
4005	0.00381	0.29133
4006	0.00386	0.24988
4007	0.00381	0.10679
4008	0.00354	0.83783
4009	0.00333	0.67440
4010	0.00333	0.77063
4011	0.00333	0.00000
4012	0.00295	0.00000
4013	0.00193	0.00000
4014	0.00182	0.00000
4015	0.00177	0.00000
4016	0.00177	0.00000
4017	0.00177	0.00000
4018	0.00177	0.00000
4019	0.00177	0.00000
4020	0.00172	0.00000
4021	0.00172	0.00000
4022	0.00172	0.00000
4023	0.00172	0.00000
4024	0.00172	0.00000
4025	0.00172	0.00000
4026	0.00172	1.16865
4027	0.00172	0.00000
4028	0.00172	0.00000
4029	0.00097	0.80307
4030	0.00097	0.50326
4031	0.00097	0.50326
4032	0.00097	0.98643
4033	0.00097	0.50326
4034	0.00097	0.50326
4035	0.00097	0.30954
4036	0.00097	0.00000
4037	0.00097	0.00000
4038	0.00097	0.00000
4039	0.00097	0.00000
4040	0.00097	0.00000
4041	0.00097	0.30954
4042	0.00097	0.30954
4043	0.00080	0.00000
4044	0.00038	0.00000
4045	0.00032	0.00000
4046	0.00032	0.00000
4047	0.00032	0.00000
4048	0.00032	0.00000
4049	0.00032	0.00000
4050	0.00032	0.00000
4051	0.00032	0.00000
4052	0.00032	0.00000
4053	0.00032	0.00000
4054	0.00032	0.00000
4055	0.00032	0.00000
4056	0.00032	0.00000
4057	0.00032	0.00000
4058	0.00032	0.00000
4059	0.00005	0.00000
4060	0.00005	0.00000
4061	0.00005	0.00000
4062	0.00005	0.00000
4063	0.00005	0.00000
