K,Family,Score,Best_Kmer
2,Chironomidae,0.6296901095308313,CG
2,Cicadellidae,1.4980968154090475,TG
2,Culicidae,0.8933662883953469,GA
2,Curculionidae,0.6560755464079095,AA
2,Erebidae,0.9851945600268118,AG
2,Formicidae,0.7054955437527202,TC
2,Geometridae,0.688181500856055,AT
2,Noctuidae,0.10742841004212003,GA
2,Nymphalidae,0.48876255133941165,GA
2,Tephritidae,1.0508268511691174,GT
3,Chironomidae,1.1451096920186201,ACG
3,Cicadellidae,1.6577760952243645,GTT
3,Culicidae,2.643134160947684,GAA
3,Curculionidae,3.760770143723982,AAG
3,Erebidae,1.4530812597306586,AAT
3,Formicidae,1.7711746306341798,ATA
3,Geometridae,0.8938679254417284,AAT
3,Noctuidae,0.6428660837731047,TAA
3,Nymphalidae,2.5573386358957864,GAA
3,Tephritidae,1.580436771176418,CAC
4,Chironomidae,1.9437182466267846,CGAG
4,Cicadellidae,1.8358083296104175,AGAG
4,Culicidae,2.0405813754235527,GAAA
4,Curculionidae,4.7433457634281355,AAGG
4,Erebidae,1.205349556021118,GCCG
4,Formicidae,1.7580235979271612,CATA
4,Geometridae,1.5567031151738229,GTCG
4,Noctuidae,0.9668020320113003,CGTG
4,Nymphalidae,2.5962762921559164,CGAA
4,Tephritidae,4.002817026036976,TGAG
5,Chironomidae,0.8811690212683491,AGAAA
5,Cicadellidae,0.7285555705701735,AGAGT
5,Culicidae,0.7797564323108268,GAATA
5,Curculionidae,1.0134196339566754,GAAGG
5,Erebidae,1.1774334847335535,CGACT
5,Formicidae,0.500250036671567,GATTT
5,Geometridae,1.613525421858714,GCAGA
5,Noctuidae,1.007494585818032,CTTGT
5,Nymphalidae,1.2388721534114109,CGAAT
5,Tephritidae,1.5517425480171894,ACAGG
6,Chironomidae,0.3113188966502888,ATGGAA
6,Cicadellidae,0.34427021147903303,ATTGAA
6,Culicidae,0.3518902337183498,TATTGG
6,Curculionidae,0.4458407432140876,AAGAAG
6,Erebidae,0.8244633573843281,AATGAT
6,Formicidae,0.254601880808817,ATAAAA
6,Geometridae,0.6258810305871308,CAATTA
6,Noctuidae,0.771018379732541,CTTTAA
6,Nymphalidae,0.8366406487910276,GCTTTA
6,Tephritidae,0.466899626422617,TGATTA
7,Chironomidae,0.34236126451733806,TTAATTG
7,Cicadellidae,0.19238102412790303,AAATAGG
7,Culicidae,0.2682116721851221,TTTATTG
7,Curculionidae,0.21224361181979484,AAGAAGA
7,Erebidae,0.6855502903437292,ATATTTG
7,Formicidae,0.145486222796147,TTGGATC
7,Geometridae,0.583049534396396,CAATTAC
7,Noctuidae,0.4715950151179673,AGTCTTT
7,Nymphalidae,0.40766710308999665,GAGGATC
7,Tephritidae,0.2588736054963715,TAACTGC
8,Chironomidae,0.272632433522289,TTAATTGG
8,Cicadellidae,0.17729903808056088,GAAATAGG
8,Culicidae,0.20567763334834394,TTTATTGG
8,Curculionidae,0.21760132941269802,ATAAGAAG
8,Erebidae,0.6098112109883295,TTTTCTTC
8,Formicidae,0.11457127104206631,TTTATAAT
8,Geometridae,0.48050988775449555,TCAATTAC
8,Noctuidae,0.3938015973168254,GTAATTTA
8,Nymphalidae,0.3280992308993324,CGAATTAA
8,Tephritidae,0.24126364062167724,TTAACTGC
9,Chironomidae,0.2086474152627211,TTTAATTGG
9,Cicadellidae,0.1614905332527179,TAATAATTG
9,Culicidae,0.1611026827194867,TTTATTGGA
9,Curculionidae,0.16280992035553923,ATAAGAAGA
9,Erebidae,0.45377505781691163,AATGATCAA
9,Formicidae,0.11820759141171112,TTTATAATT
9,Geometridae,0.29515587901868634,ATTACTTTA
9,Noctuidae,0.3899417090319471,GTATTTGAT
9,Nymphalidae,0.32857243381128204,ACAGCTTTA
9,Tephritidae,0.18226218524864032,ACGATCAAC
10,Chironomidae,0.188809623508457,ATTTTAATTG
10,Cicadellidae,0.14315966398614868,TAATAATTGG
10,Culicidae,0.12946843517916262,AGTAGAAAAT
10,Curculionidae,0.161910410684695,TAAGAAGAAT
10,Erebidae,0.41140234035646134,AATGATCAAA
10,Formicidae,0.12123823587805703,TTTATAATTG
10,Geometridae,0.2507545096869632,ATTACTTTAT
10,Noctuidae,0.4161190625679904,ATCTTTAACA
10,Nymphalidae,0.2628821592775128,ATACGAATTA
10,Tephritidae,0.20142988153882857,TTTGATCGAA
11,Chironomidae,0.2132160654064213,ATTTTAATTGG
11,Cicadellidae,0.14078260330352083,TTAATAATTGG
11,Culicidae,0.14661053063886648,AGTAGAAAATG
11,Curculionidae,0.14102631616169597,CAATGATTCCC
11,Erebidae,0.3939886387765229,AATGATCAAAT
11,Formicidae,0.12184447801881935,TTTATAATTGG
11,Geometridae,0.26103603084071264,CCTTCAATTAC
11,Noctuidae,0.3760134546820563,CATCTTTAACA
11,Nymphalidae,0.2714798758637721,ATACGAATTAA
11,Tephritidae,0.1736604678832639,TTTGATCGAAT
